,user_id,city,country,sex,height,weight
0,43,San Francisco,USA,0,0,68
1,61,Philadelphia,USA,0,0,73
2,62,Boulder,USA,0,0,68
3,65,Salt Lake City,USA,0,0,68
4,66,Fort Collins,USA,0,0,98
5,69,Detroit,USA,0,183,73
6,134,Boulder,USA,0,71,68
7,160,Boise,USA,0,190,83
8,215,Reno,USA,0,174,73
9,312,Salt Lake City,USA,0,180,73
10,345,Las Vegas,USA,0,0,73
11,351,Las Vegas,USA,0,4,73
12,358,Seattle,USA,0,0,73
13,359,Boulder,USA,0,0,73
14,379,Las Vegas,USA,0,6,73
15,392,Berkeley,USA,0,135,68
16,417,Salt Lake City,USA,0,6,68
17,439,Salt Lake City,USA,0,181,78
18,446,Berkeley,USA,0,185,78
19,452,San Francisco,USA,0,178,68
20,543,Denver,USA,0,185,73
21,667,New York,USA,0,168,53
22,739,Boston,USA,0,183,73
23,807,San Francisco,USA,0,185,73
24,823,Salt Lake City,USA,0,178,73
25,892,Boulder,USA,0,5,73
26,899,San Diego,USA,0,185,78
27,901,Lexington,USA,0,172,83
28,932,Madison,USA,0,0,63
29,943,Milwaukee,USA,0,172,63
30,1032,Columbus,USA,0,72,73
31,1033,Provo,USA,0,172,58
32,1042,Chicago,USA,0,198,88
33,1138,Las Vegas,USA,0,0,73
34,1146,San Francisco,USA,0,175,68
35,1195,Provo,USA,0,150,63
36,1295,Denver,USA,0,175,58
37,1323,Denver,USA,0,175,73
38,1356,Albuquerque,USA,0,255,78
39,1362,Las Vegas,USA,0,0,68
40,1387,Charlotte,USA,0,188,88
41,1455,Las Vegas,USA,0,0,83
42,1467,Las Cruces,USA,0,0,63
43,1522,Spokane,USA,0,158,93
44,1549,Salt Lake City,USA,0,185,68
45,1585,Santa Rosa,USA,0,177,73
46,1625,Layton,USA,0,0,63
47,1656,San Francisco,USA,1,0,53
48,1710,Riverside,USA,0,0,58
49,1777,Salt Lake City,USA,0,180,73
50,1781,Chattanooga,USA,0,73,78
51,1790,Seattle,USA,0,170,73
52,1795,Pasadena,USA,0,0,78
53,1838,Salt Lake City,USA,0,68,63
54,1844,Chattanooga,USA,0,178,68
55,1865,El Paso,USA,0,0,63
56,2034,Salt Lake City,USA,0,172,78
57,2056,Reno,USA,0,70,63
58,2057,San Francisco,USA,0,0,68
59,2082,Berkeley,USA,0,185,73
60,2139,Boulder,USA,0,0,78
61,2142,Portland,USA,0,0,68
62,2182,Portland,USA,0,0,63
63,2212,Boulder,USA,0,0,63
64,2225,Austin,USA,0,0,63
65,2298,Los Angeles,USA,0,72,78
66,2323,Boston,USA,0,183,78
67,2466,Salt Lake City,USA,0,0,83
68,2473,Boston,USA,0,66,68
69,2505,Houston,USA,0,176,78
70,2506,Fort Collins,USA,0,0,83
71,2510,Salt Lake City,USA,0,155,68
72,2582,Phoenix,USA,0,66,68
73,2593,New York City,USA,0,192,83
74,2602,Philadelphia,USA,0,70,73
75,2635,Baltimore,USA,1,5,63
76,2681,Cleveland,USA,0,0,58
77,2713,Lafayette,USA,0,6,83
78,2777,Fayetteville,USA,0,70,68
79,2898,Springfield,USA,1,64,53
80,2910,Jackson,USA,0,178,73
81,2917,Lincoln,USA,0,68,63
82,2936,Ogden,USA,0,255,63
83,2982,Boston,USA,0,0,83
84,3012,Colorado Springs,USA,0,176,68
85,3013,Waco,USA,0,0,63
86,3059,Tampa,USA,0,72,78
87,3061,Warren,USA,0,5,93
88,3076,Boulder,USA,0,70,63
89,3091,Seattle,USA,0,175,73
90,3095,Buffalo,USA,0,75,78
91,3100,Spokane,USA,0,0,68
92,3228,Atlanta,USA,0,72,73
93,3430,Baltimore,USA,0,71,78
94,3483,Denver,USA,0,195,68
95,3489,Boulder,USA,0,0,83
96,3493,Chattanooga,USA,0,72,63
97,3494,Thousand Oaks,USA,0,0,63
98,3572,Fort Collins,USA,0,72,68
99,3689,Santa Cruz,USA,0,72,78
100,3723,Las Vegas,USA,0,0,68
101,3749,Berkeley,USA,1,157,53
102,3782,Berkeley,USA,0,185,78
103,3798,New London,USA,0,186,88
104,3799,Buffalo,USA,0,0,68
105,3809,Boulder,USA,0,0,68
106,3810,Colorado Springs,USA,0,72,78
107,3825,Denver,USA,0,183,83
108,3827,Las Vegas,USA,0,0,68
109,3831,Salt Lake City,USA,0,168,63
110,3907,San Francisco,USA,0,164,58
111,3927,Denver,USA,0,0,53
112,3936,Denver,USA,0,180,73
113,3943,Seattle,USA,0,159,63
114,3953,Reno,USA,0,55,100
115,4101,Austin,USA,0,72,78
116,4151,Portland,USA,0,180,68
117,4207,San Diego,USA,0,0,68
118,4220,Albuquerque,USA,0,0,63
119,4263,Salt Lake City,USA,0,0,63
120,4264,Henderson,USA,0,0,78
121,4391,Boston,USA,0,177,73
122,4422,Denver,USA,0,175,73
123,4447,Portland,USA,0,68,68
124,4524,Salt Lake City,USA,0,185,78
125,4530,Houston,USA,0,180,68
126,4538,Boulder,USA,0,0,63
127,4539,Fayetteville,USA,0,69,63
128,4600,Boulder,USA,0,0,78
129,4621,Salt Lake City,USA,1,0,58
130,4629,Boulder,USA,0,5,68
131,4631,Atlanta,USA,0,6,83
132,4652,Philadelphia,USA,0,178,83
133,4662,Boulder,USA,0,178,68
134,4700,Las Vegas,USA,0,5,100
135,4744,Salt Lake City,USA,0,195,93
136,4802,Los Angeles,USA,1,171,53
137,4834,Albuquerque,USA,0,0,48
138,4850,Knoxville,USA,0,175,73
139,4865,Utica,USA,0,0,68
140,4883,Oakland,USA,0,0,68
141,4901,San Diego,USA,0,180,63
142,4924,Mission Viejo,USA,0,0,68
143,4991,Chattanooga,USA,0,0,63
144,5021,Denver,USA,0,0,63
145,5087,Chattanooga,USA,0,157,63
146,5120,Chicago,USA,0,0,98
147,5125,Los Angeles,USA,0,0,68
148,5137,Raleigh,USA,0,0,73
149,5177,Fayetteville,USA,0,0,58
150,5200,Portland,USA,0,0,68
151,5254,Waco,USA,0,0,73
152,5302,Lexington,USA,0,196,88
153,5323,Boulder,USA,1,168,53
154,5347,Chattanooga,USA,0,6,73
155,5352,Boulder,USA,0,182,73
156,5457,Birmingham,USA,0,0,73
157,5466,Boulder,USA,0,0,68
158,5498,Salt Lake City,USA,0,170,58
159,5554,Salt Lake City,USA,0,0,68
160,5655,Seattle,USA,1,165,48
161,5724,Denver,USA,0,0,63
162,5755,Amarillo,USA,0,0,68
163,5849,Boston,USA,1,170,63
164,5850,Las Vegas,USA,0,182,73
165,5901,Houston,USA,1,0,43
166,5909,Erie,USA,0,180,63
167,6044,Syracuse,USA,0,0,83
168,6051,Salt Lake City,USA,0,180,68
169,6067,Jacksonville,USA,0,0,58
170,6080,Manchester,USA,1,0,78
171,6095,Reno,USA,0,0,63
172,6314,Salt Lake City,USA,1,0,53
173,6318,Boulder,USA,0,171,63
174,6348,Santa Rosa,USA,0,170,63
175,6418,Austin,USA,0,192,73
176,6419,Eugene,USA,0,175,63
177,6516,Reno,USA,1,0,63
178,6527,Spokane,USA,0,0,78
179,6536,Sunnyvale,USA,1,0,53
180,6568,Phoenix,USA,0,0,58
181,6610,Las Vegas,USA,1,152,48
182,6652,Berkeley,USA,0,10,100
183,6801,Austin,USA,0,180,68
184,6809,Scottsdale,USA,0,0,40
185,6862,Chattanooga,USA,0,0,78
186,6871,Concord,USA,0,0,48
187,6891,Ann Arbor,USA,0,168,63
188,6900,Manchester,USA,0,150,40
189,6962,Fort Collins,USA,0,0,78
190,6984,Philadelphia,USA,1,170,58
191,7020,Salt Lake City,USA,0,0,73
192,7082,Atlanta,USA,0,0,78
193,7088,Lexington,USA,0,182,68
194,7153,Sunnyvale,USA,0,0,53
195,7220,Boise,USA,0,198,98
196,7222,San Jose,USA,1,0,40
197,7233,Saint Louis,USA,0,172,73
198,7278,Lexington,USA,0,170,68
199,7282,Chicago,USA,0,180,73
200,7366,Spokane,USA,0,0,63
201,7379,Scottsdale,USA,0,0,68
202,7381,Stamford,USA,0,0,73
203,7398,Scottsdale,USA,1,5,58
204,7400,Colorado Springs,USA,0,170,73
205,7420,Chicago,USA,0,0,78
206,7510,Oakland,USA,0,183,83
207,7511,Oakland,USA,1,166,58
208,7575,Denver,USA,0,161,63
209,7638,Santa Rosa,USA,0,0,43
210,7644,Phoenix,USA,1,5,40
211,7653,Sacramento,USA,0,0,73
212,7655,Cincinnati,USA,0,173,68
213,7666,Athens,USA,0,0,73
214,7687,Modesto,USA,0,171,63
215,7907,Tucson,USA,0,170,68
216,7918,Orem,USA,0,0,78
217,7937,El Paso,USA,0,0,68
218,7966,Portland,USA,0,0,73
219,7977,San Diego,USA,0,180,73
220,7983,Baltimore,USA,0,170,83
221,8008,Seattle,USA,0,0,73
222,8063,Austin,USA,0,179,78
223,8076,Philadelphia,USA,0,0,73
224,8094,Richmond,USA,0,0,68
225,8114,Albany,USA,0,0,63
226,8189,San Diego,USA,0,175,63
227,8221,Denver,USA,0,0,68
228,8291,Colorado Springs,USA,0,0,83
229,8297,San Francisco,USA,0,0,73
230,8298,Minneapolis,USA,0,0,63
231,8311,Boulder,USA,1,160,53
232,8382,Tucson,USA,0,0,53
233,8400,Sunnyvale,USA,0,174,63
234,8410,Seattle,USA,0,0,53
235,8430,Orem,USA,0,0,63
236,8439,Boulder,USA,0,167,68
237,8442,Santa Rosa,USA,0,5,68
238,8444,Seattle,USA,0,152,53
239,8456,San Francisco,USA,0,180,73
240,8510,Las Vegas,USA,0,0,63
241,8548,San Antonio,USA,0,0,68
242,8628,Fort Collins,USA,0,0,78
243,8650,Santa Rosa,USA,0,176,68
244,8667,Amarillo,USA,0,173,68
245,8671,Phoenix,USA,0,0,68
246,8681,Albuquerque,USA,0,170,63
247,8686,Greensboro,USA,0,0,73
248,8704,Albuquerque,USA,0,193,88
249,8730,Spokane,USA,0,185,73
250,8741,Dallas,USA,0,175,68
251,8777,Alexandria,USA,0,179,78
252,8785,Salt Lake City,USA,0,150,83
253,8796,Salt Lake City,USA,0,150,83
254,8820,Cincinnati,USA,0,188,88
255,8864,Bremerton,USA,0,0,88
256,8948,Santa Cruz,USA,0,182,73
257,8975,Melbourne,USA,0,165,58
258,8986,San Jose,USA,1,0,53
259,8993,Denver,USA,0,170,58
260,9008,Louisville,USA,0,0,58
261,9018,Denver,USA,0,178,73
262,9086,Denver,USA,0,0,73
263,9111,Louisville,USA,0,0,78
264,9137,Minneapolis,USA,0,178,73
265,9141,Salt Lake City,USA,1,160,48
266,9181,Colorado Springs,USA,0,177,88
267,9311,Orem,USA,0,176,63
268,9337,Boulder,USA,0,0,68
269,9408,Fresno,USA,0,153,68
270,9413,Olympia,USA,0,173,68
271,9429,Boulder,USA,0,170,63
272,9432,Boston,USA,0,0,83
273,9435,Pittsburgh,USA,0,0,93
274,9448,Seattle,USA,0,0,58
275,9485,Minneapolis,USA,0,0,53
276,9509,Salt Lake City,USA,0,6,78
277,9533,Cincinnati,USA,1,0,58
278,9547,Oakland,USA,0,0,83
279,9564,Salt Lake City,USA,1,175,63
280,9567,Austin,USA,0,183,63
281,9584,Cincinnati,USA,1,162,48
282,9639,Salt Lake City,USA,0,178,78
283,9651,Seattle,USA,1,0,58
284,9695,Spokane,USA,0,190,88
285,9707,Las Vegas,USA,0,0,98
286,9709,Los Angeles,USA,0,0,58
287,9711,Visalia,USA,0,0,68
288,9724,Medford,USA,0,0,73
289,9806,Bloomington,USA,0,187,78
290,9817,Los Angeles,USA,0,170,63
291,9854,Boulder,USA,0,0,68
292,9883,Chattanooga,USA,0,0,73
293,9937,Austin,USA,1,148,48
294,10011,Mesquite,USA,1,0,68
295,10029,Spokane,USA,0,0,58
296,10034,Fort Collins,USA,0,0,73
297,10035,Spokane,USA,0,182,78
298,10043,Chattanooga,USA,0,175,73
299,10193,San Francisco,USA,0,183,73
300,10209,Albuquerque,USA,0,0,100
301,10263,Thousand Oaks,USA,0,0,73
302,10324,Orlando,USA,0,182,68
303,10370,Boulder,USA,0,177,63
304,10398,Las Vegas,USA,1,15,58
305,10418,Bremerton,USA,0,0,63
306,10420,Las Vegas,USA,0,183,73
307,10439,El Paso,USA,0,0,58
308,10441,Boulder,USA,0,190,88
309,10457,Burlington,USA,0,183,63
310,10488,Portland,USA,0,0,88
311,10490,Fresno,USA,0,179,63
312,10537,Lexington,USA,0,183,83
313,10633,Minneapolis,USA,0,188,73
314,10682,Memphis,USA,0,0,68
315,10685,Albuquerque,USA,0,1,63
316,10699,Phoenix,USA,0,0,58
317,10746,Killeen,USA,0,164,63
318,10810,Nashville,USA,1,0,53
319,10827,Arlington,USA,0,0,73
320,10839,Oakland,USA,0,172,68
321,10894,Fort Collins,USA,0,0,73
322,10920,Houston,USA,0,0,63
323,10931,Phoenix,USA,0,6,78
324,10956,Spokane,USA,0,0,40
325,10960,Cincinnati,USA,0,0,73
326,10983,Atlanta,USA,0,179,58
327,10993,Knoxville,USA,0,0,68
328,10998,Chattanooga,USA,0,173,68
329,11013,Las Vegas,USA,0,0,68
330,11014,Chattanooga,USA,0,183,78
331,11058,St. Louis,USA,0,185,73
332,11065,Chattanooga,USA,0,178,68
333,11104,Los Angeles,USA,0,180,73
334,11144,Seattle,USA,0,0,68
335,11177,Oakland,USA,0,0,68
336,11192,San Diego,USA,0,255,68
337,11196,Bloomington,USA,0,0,63
338,11199,Lakewood,USA,0,0,68
339,11236,Colorado Springs,USA,0,0,48
340,11262,Springfield,USA,0,6,83
341,11264,Charlotte,USA,0,178,73
342,11274,Houston,USA,0,0,63
343,11328,Amarillo,USA,0,6,78
344,11342,Lexington,USA,0,178,73
345,11359,Providence,USA,0,0,48
346,11363,Dallas,USA,0,6,63
347,11375,Olympia,USA,0,0,78
348,11388,Fayetteville,USA,0,0,68
349,11413,Concord,USA,0,0,73
350,11415,Tucson,USA,0,0,63
351,11416,Lubbock,USA,0,0,78
352,11452,Salt Lake City,USA,0,186,78
353,11464,Berkeley,USA,0,185,73
354,11502,Boulder,USA,1,5,43
355,11505,Boulder,USA,0,179,83
356,11573,Rochester,USA,0,0,63
357,11574,Santa Barbara,USA,0,0,68
358,11583,Costa Mesa,USA,1,158,43
359,11597,Costa Mesa,USA,0,185,63
360,11639,Knoxville,USA,1,170,63
361,11656,Lexington,USA,0,0,58
362,11666,Reno,USA,0,181,73
363,11703,Chattanooga,USA,0,180,68
364,11709,Seattle,USA,0,175,68
365,11762,Salt Lake City,USA,0,182,58
366,11771,Fort Collins,USA,0,0,78
367,11783,Asheville,USA,0,0,73
368,11797,Louisville,USA,0,0,93
369,11812,Las Vegas,USA,0,0,63
370,11833,Baltimore,USA,0,172,63
371,11845,Oxnard,USA,1,0,43
372,11847,Minneapolis,USA,0,183,73
373,11960,Evansville,USA,1,165,58
374,12012,Tacoma,USA,0,177,68
375,12015,Colorado Springs,USA,0,176,73
376,12021,Boulder,USA,0,206,53
377,12036,Colorado Springs,USA,1,160,48
378,12038,Minneapolis,USA,1,160,58
379,12073,Dayton,USA,0,183,83
380,12093,Denver,USA,0,183,78
381,12178,Burlington,USA,0,194,88
382,12179,Birmingham,USA,0,175,63
383,12202,Chattanooga,USA,0,168,73
384,12270,New Haven,USA,0,0,83
385,12302,Colorado Springs,USA,0,175,73
386,12362,San Diego,USA,0,0,68
387,12377,Colorado Springs,USA,0,185,68
388,12419,Charlotte,USA,0,189,73
389,12457,San Francisco,USA,0,176,68
390,12461,Fresno,USA,0,0,73
391,12486,Seattle,USA,0,177,68
392,12499,Anaheim,USA,0,178,68
393,12513,Las Vegas,USA,0,171,63
394,12527,Mission Viejo,USA,0,176,73
395,12529,Phoenix,USA,0,0,73
396,12586,Lexington,USA,0,0,48
397,12650,Rochester,USA,0,180,68
398,12702,Sunnyvale,USA,0,173,63
399,12774,Oakland,USA,0,185,78
400,12780,Corona,USA,0,0,63
401,12826,Saint Louis,USA,0,177,63
402,12827,Richmond,USA,0,149,58
403,12831,Boulder,USA,0,0,78
404,12842,Richmond,USA,0,0,73
405,12870,Salt Lake City,USA,0,170,58
406,12923,Boulder,USA,0,0,78
407,12943,Boulder,USA,0,255,93
408,12993,Atlanta,USA,0,165,53
409,13109,Denver,USA,0,176,58
410,13177,Berkeley,USA,1,0,100
411,13232,Fayetteville,USA,0,0,68
412,13234,Austin,USA,0,0,58
413,13264,Oakland,USA,0,0,73
414,13284,Salt Lake City,USA,0,171,63
415,13299,Long Beach,USA,0,163,73
416,13300,El Paso,USA,0,0,63
417,13332,Fayetteville,USA,0,183,68
418,13361,Tucson,USA,0,182,78
419,13364,Houston,USA,0,183,83
420,13458,Boulder,USA,0,0,78
421,13481,Boise,USA,0,0,83
422,13500,San Francisco,USA,1,0,53
423,13516,Olympia,USA,0,0,78
424,13523,Harrisburg,USA,0,153,93
425,13524,New York,USA,0,0,73
426,13569,Portland,USA,0,171,63
427,13583,Salt Lake City,USA,1,163,48
428,13647,Norman,USA,0,0,78
429,13656,Houston,USA,0,0,73
430,13661,Fort Collins,USA,0,180,78
431,13771,Glendale,USA,0,165,53
432,13796,Boulder,USA,0,183,83
433,13829,Arlington,USA,0,190,83
434,13838,Costa Mesa,USA,0,0,63
435,13844,Denver,USA,0,195,83
436,13853,Reno,USA,0,0,68
437,13893,Chattanooga,USA,1,0,68
438,13916,Tucson,USA,0,178,73
439,13933,Portland,USA,0,0,68
440,13934,Mission Viejo,USA,0,70,68
441,13969,Nashville,USA,0,172,73
442,13970,Lakewood,USA,0,0,83
443,14004,Greenville,USA,0,0,68
444,14028,Tucson,USA,0,0,68
445,14063,Denver,USA,0,0,73
446,14094,Nashville,USA,0,195,78
447,14136,Chattanooga,USA,0,173,63
448,14202,Phoenix,USA,0,172,73
449,14268,Atlanta,USA,0,180,68
450,14287,Atlanta,USA,0,0,63
451,14303,Irvine,USA,0,176,68
452,14354,Denver,USA,0,0,100
453,14365,Fayetteville,USA,0,174,73
454,14396,San Diego,USA,0,178,68
455,14532,Boulder,USA,0,181,63
456,14597,Reno,USA,0,169,63
457,14620,Miami,USA,0,0,68
458,14633,San Francisco,USA,0,0,63
459,14654,Boulder,USA,0,5,53
460,14668,San Diego,USA,0,0,68
461,14711,Gainesville,USA,0,0,63
462,14741,Fayetteville,USA,0,177,68
463,14749,San Diego,USA,0,0,73
464,14766,Saint Louis,USA,0,180,73
465,14767,Denver,USA,0,183,78
466,14775,Knoxville,USA,0,0,68
467,14793,Gainesville,USA,0,182,63
468,14811,Denver,USA,0,185,73
469,14843,Tyler,USA,0,0,78
470,14844,Salt Lake City,USA,1,167,58
471,14879,Chattanooga,USA,0,165,68
472,14892,Boulder,USA,0,0,63
473,14924,Milwaukee,USA,0,193,88
474,15011,New York,USA,0,0,73
475,15026,Seattle,USA,1,183,73
476,15120,Lafayette,USA,0,167,63
477,15158,Fayetteville,USA,0,175,63
478,15161,College Station,USA,0,183,68
479,15195,Lafayette,USA,0,0,68
480,15283,Denver,USA,0,190,88
481,15370,Portland,USA,0,152,78
482,15406,San Francisco,USA,1,171,58
483,15452,Greenville,USA,0,181,68
484,15455,Baltimore,USA,0,193,88
485,15506,Corona,USA,0,175,68
486,15570,Birmingham,USA,1,153,58
487,15600,Buffalo,USA,0,155,73
488,15625,Fort Collins,USA,0,6,83
489,15643,Fresno,USA,0,173,73
490,15648,Albuquerque,USA,1,160,43
491,15689,Austin,USA,0,0,63
492,15747,Minneapolis,USA,0,0,73
493,15753,Sunnyvale,USA,0,168,68
494,15770,Boise,USA,1,0,53
495,15823,Las Vegas,USA,0,0,73
496,15845,Bethlehem,USA,0,0,73
497,15869,Pittsburgh,USA,0,0,78
498,15915,Knoxville,USA,0,0,88
499,15936,Arlington,USA,0,0,83
500,15966,Knoxville,USA,0,0,78
501,15999,Salt Lake City,USA,0,180,63
502,16017,Atlanta,USA,0,0,78
503,16018,Knoxville,USA,0,0,78
504,16027,Reno,USA,0,175,73
505,16033,Boulder,USA,0,176,68
506,16040,Boulder,USA,0,0,78
507,16085,Boston,USA,0,178,73
508,16100,Fort Collins,USA,0,0,98
509,16143,San Francisco,USA,1,182,68
510,16161,Duluth,USA,0,0,78
511,16182,Las Cruces,USA,0,0,73
512,16206,Grand Rapids,USA,0,0,78
513,16339,Boulder,USA,1,165,63
514,16342,Chattanooga,USA,0,0,68
515,16359,College Station,USA,0,0,73
516,16363,Seattle,USA,0,182,78
517,16397,Boise,USA,0,0,68
518,16452,Salt Lake City,USA,0,0,68
519,16476,Minneapolis,USA,0,178,73
520,16483,Boulder,USA,1,153,53
521,16561,Scottsdale,USA,0,0,68
522,16629,Las Vegas,USA,1,173,58
523,16648,Denver,USA,0,182,78
524,16682,Charlotte,USA,0,177,63
525,16711,Seattle,USA,0,178,68
526,16715,Fort Collins,USA,0,0,68
527,16828,Fort Collins,USA,0,175,68
528,16833,Atlanta,USA,1,166,48
529,16838,San Diego,USA,0,173,58
530,16855,Philadelphia,USA,0,178,68
531,16871,Houston,USA,0,188,68
532,16874,Salem,USA,0,177,68
533,16913,Oakland,USA,0,172,58
534,16972,Austin,USA,0,180,78
535,16987,Nashville,USA,0,0,100
536,16999,Houston,USA,0,0,73
537,17027,Boulder,USA,1,162,53
538,17032,Fort Collins,USA,0,188,78
539,17038,Denver,USA,0,0,73
540,17131,Santa Cruz,USA,0,180,68
541,17147,Chattanooga,USA,0,180,78
542,17155,Boston,USA,0,6,73
543,17166,Boulder,USA,0,0,73
544,17190,Nashville,USA,1,5,48
545,17196,Columbia,USA,0,0,78
546,17231,Chicago,USA,0,173,68
547,17341,Orem,USA,0,0,83
548,17349,Athens,USA,0,188,73
549,17358,Colorado Springs,USA,0,180,73
550,17360,Louisville,USA,1,168,63
551,17396,Austin,USA,0,190,78
552,17417,Indianapolis,USA,0,1,53
553,17419,Austin,USA,0,180,63
554,17430,Eugene,USA,0,173,63
555,17464,Chattanooga,USA,0,178,73
556,17465,Atlanta,USA,1,157,53
557,17519,Chicago,USA,0,180,78
558,17526,Newark,USA,0,180,73
559,17552,Las Vegas,USA,0,0,63
560,17586,St. Louis,USA,0,190,78
561,17595,Seattle,USA,0,180,83
562,17607,Portland,USA,0,173,53
563,17630,Tucson,USA,0,182,83
564,17697,Portland,USA,0,165,53
565,17722,Austin,USA,0,188,78
566,17799,Orem,USA,0,5,63
567,17809,Chattanooga,USA,0,0,68
568,17823,Salt Lake City,USA,0,187,73
569,17929,Nashville,USA,0,178,63
570,18028,Cleveland,USA,0,177,63
571,18030,Cincinnati,USA,0,170,63
572,18061,San Diego,USA,1,156,43
573,18065,Indianapolis,USA,0,174,73
574,18072,Orlando,USA,0,0,40
575,18139,Cincinnati,USA,0,170,63
576,18148,Birmingham,USA,0,185,78
577,18271,Chattanooga,USA,1,160,43
578,18307,Knoxville,USA,1,0,53
579,18337,Olympia,USA,0,185,83
580,18385,Fort Collins,USA,0,0,73
581,18405,Boulder,USA,0,176,58
582,18421,Gainesville,USA,0,0,58
583,18422,Boulder,USA,0,0,68
584,18445,Philadelphia,USA,0,0,83
585,18453,Plano,USA,0,175,58
586,18477,Huntsville,USA,0,182,83
587,18486,Boston,USA,0,180,68
588,18519,Columbus,USA,0,6,88
589,18537,Seattle,USA,0,173,68
590,18546,Salt Lake City,USA,0,177,78
591,18593,Cambridge,USA,0,178,83
592,18624,Gainesville,USA,0,180,88
593,18636,New Bedford,USA,1,175,63
594,18702,Atlanta,USA,0,184,63
595,18732,Wilmington,USA,0,0,63
596,18743,Cincinnati,USA,1,155,43
597,18785,Las Vegas,USA,0,0,68
598,18892,Baltimore,USA,0,178,68
599,18913,Concord,USA,0,196,83
600,18963,Athens,USA,0,189,78
601,18965,Burlington,USA,0,0,73
602,19022,Lexington,USA,0,175,68
603,19049,Costa Mesa,USA,0,185,78
604,19092,Grand Rapids,USA,0,175,73
605,19166,Colorado Springs,USA,0,0,68
606,19179,Gainesville,USA,0,174,68
607,19182,Lowell,USA,0,180,78
608,19183,Atlanta,USA,0,0,63
609,19184,San Francisco,USA,0,167,58
610,19193,Huntsville,USA,0,175,68
611,19198,Fayetteville,USA,0,178,78
612,19199,Fayetteville,USA,0,183,73
613,19264,Tallahassee,USA,0,178,93
614,19266,Los Angeles,USA,0,161,63
615,19272,Salt Lake City,USA,0,0,68
616,19306,Sacramento,USA,0,0,68
617,19314,Lexington,USA,0,190,73
618,19315,Oakland,USA,0,180,73
619,19332,Seattle,USA,0,0,78
620,19338,Greensboro,USA,0,0,68
621,19370,Atlanta,USA,0,0,78
622,19376,Springfield,USA,0,0,58
623,19432,Portland,USA,0,180,68
624,19435,Berkeley,USA,0,177,83
625,19448,Seattle,USA,0,0,68
626,19457,Tucson,USA,0,188,73
627,19473,Austin,USA,0,0,58
628,19479,Tucson,USA,0,0,93
629,19482,Virginia Beach,USA,0,0,88
630,19484,Cincinnati,USA,0,183,73
631,19592,San Francisco,USA,1,65,53
632,19599,Los Angeles,USA,0,170,58
633,19610,Salt Lake City,USA,1,0,58
634,19641,Athens,USA,0,0,73
635,19679,Asheville,USA,0,0,73
636,19687,Salt Lake City,USA,0,193,73
637,19693,Portland,USA,0,181,68
638,19712,Tucson,USA,0,177,68
639,19722,Tucson,USA,0,182,73
640,19742,Kansas City,USA,1,69,58
641,19780,Roanoke,USA,0,0,78
642,19808,Fort Worth,USA,0,184,83
643,19811,Santa Ana,USA,0,0,88
644,19867,Jacksonville,USA,0,0,93
645,19872,Jacksonville,USA,0,180,78
646,19886,Denver,USA,0,0,93
647,19895,Fresno,USA,0,154,68
648,19927,Seattle,USA,0,0,63
649,19942,Knoxville,USA,0,175,68
650,19958,Cincinnati,USA,0,0,88
651,19985,Baltimore,USA,0,0,88
652,19999,Salt Lake City,USA,0,0,63
653,20007,San Francisco,USA,0,0,48
654,20011,Tucson,USA,0,188,73
655,20045,Austin,USA,0,167,68
656,20069,Knoxville,USA,0,175,68
657,20101,Baton Rouge,USA,0,176,63
658,20111,Boulder,USA,1,62,53
659,20121,Los Angeles,USA,1,165,53
660,20180,Fayetteville,USA,0,181,58
661,20200,San Diego,USA,1,164,53
662,20204,Eugene,USA,0,0,78
663,20210,Harrisburg,USA,0,173,63
664,20215,Nashville,USA,0,0,53
665,20226,Sunnyvale,USA,1,172,53
666,20240,Fayetteville,USA,0,0,93
667,20266,Salt Lake City,USA,0,175,63
668,20271,Raleigh,USA,0,0,73
669,20293,San Diego,USA,0,0,73
670,20317,Salt Lake City,USA,0,0,68
671,20333,Chicago,USA,0,0,83
672,20348,Tulsa,USA,0,176,68
673,20356,Albany,USA,0,178,73
674,20367,Santa Cruz,USA,0,172,58
675,20395,Los Angeles,USA,0,170,78
676,20397,St. Louis,USA,0,0,73
677,20416,Knoxville,USA,0,175,68
678,20421,Chattanooga,USA,0,180,63
679,20430,Chicago,USA,0,169,58
680,20432,Boulder,USA,0,179,78
681,20505,Grand Rapids,USA,0,175,63
682,20537,Fayetteville,USA,0,182,63
683,20547,Los Angeles,USA,0,180,83
684,20637,Boulder,USA,0,178,63
685,20641,Santa Barbara,USA,0,166,83
686,20683,Indianapolis,USA,0,0,63
687,20688,Chattanooga,USA,0,177,73
688,20705,Milwaukee,USA,0,173,53
689,20730,Waco,USA,0,183,63
690,20748,San Francisco,USA,0,178,68
691,20789,Salt Lake City,USA,0,182,73
692,20832,San Diego,USA,0,190,73
693,20845,Columbus,USA,0,198,78
694,20863,Boston,USA,0,0,68
695,20951,Overland Park,USA,0,190,93
696,20954,St. Louis,USA,1,0,53
697,20971,Milwaukee,USA,0,178,63
698,20972,Spokane,USA,0,178,78
699,20975,Albuquerque,USA,0,178,78
700,21007,Denton,USA,0,176,73
701,21018,Charlotte,USA,0,180,78
702,21022,Richmond,USA,0,175,68
703,21046,Reno,USA,0,0,63
704,21077,San Francisco,USA,0,180,78
705,21096,Salt Lake City,USA,0,157,78
706,21099,Jackson,USA,0,170,63
707,21103,Los Angeles,USA,0,180,63
708,21141,Berkeley,USA,0,177,68
709,21143,Columbia,USA,0,0,63
710,21175,Berkeley,USA,1,165,53
711,21195,Salt Lake City,USA,1,170,58
712,21200,Seattle,USA,0,173,73
713,21206,Portland,USA,0,0,68
714,21222,Albuquerque,USA,0,178,73
715,21223,Denver,USA,0,170,68
716,21259,Lexington,USA,1,165,53
717,21311,Plano,USA,0,175,83
718,21351,Chattanooga,USA,0,186,78
719,21357,Gainesville,USA,0,180,78
720,21370,Knoxville,USA,1,170,58
721,21389,Santa Barbara,USA,0,185,73
722,21408,Denver,USA,1,152,48
723,21421,Seattle,USA,0,183,83
724,21439,Nashville,USA,0,0,63
725,21475,Seattle,USA,0,176,68
726,21480,Salt Lake City,USA,0,180,58
727,21484,New York,USA,0,178,68
728,21502,Seattle,USA,1,67,58
729,21533,Lexington,USA,0,0,68
730,21551,Gainesville,USA,0,0,68
731,21584,Jackson,USA,0,175,63
732,21590,Minneapolis,USA,0,0,68
733,21619,Seattle,USA,0,182,73
734,21662,Oakland,USA,0,174,58
735,21674,Charlotte,USA,0,167,63
736,21698,New York,USA,0,175,78
737,21719,Portland,USA,0,182,73
738,21720,Berkeley,USA,0,0,73
739,21722,Chattanooga,USA,0,0,63
740,21752,Athens,USA,1,167,53
741,21772,Louisville,USA,0,171,68
742,21798,Ann Arbor,USA,0,163,53
743,21835,Los Angeles,USA,0,163,68
744,21845,Boston,USA,0,0,78
745,21862,Eugene,USA,0,185,83
746,21888,New Bedford,USA,0,0,83
747,21914,Springfield,USA,0,180,78
748,21934,Phoenix,USA,1,173,58
749,21938,Boulder,USA,0,180,73
750,21961,Albuquerque,USA,0,0,83
751,21990,Boulder,USA,0,0,68
752,21992,Salt Lake City,USA,0,182,68
753,22017,Atlanta,USA,1,170,58
754,22026,Riverside,USA,0,180,63
755,22027,Albuquerque,USA,1,255,53
756,22044,Columbus,USA,0,0,73
757,22100,Chattanooga,USA,0,178,68
758,22102,San Jose,USA,1,0,43
759,22105,Lancaster,USA,0,182,73
760,22113,Chattanooga,USA,0,70,83
761,22174,Cleveland,USA,0,0,73
762,22190,Lakewood,USA,0,0,73
763,22198,West Valley City,USA,0,191,68
764,22199,Fort Collins,USA,0,0,73
765,22201,San Diego,USA,0,190,83
766,22202,Salt Lake City,USA,0,180,68
767,22216,Boulder,USA,0,176,78
768,22217,Fort Collins,USA,0,183,73
769,22227,Los Angeles,USA,0,0,68
770,22245,Fort Smith,USA,0,0,68
771,22257,San Diego,USA,0,177,78
772,22275,Boulder,USA,0,181,68
773,22279,Greenville,USA,0,173,88
774,22284,Provo,USA,0,0,73
775,22292,Norfolk,USA,0,180,73
776,22313,Chattanooga,USA,0,187,63
777,22323,Olympia,USA,0,180,68
778,22351,Raleigh,USA,0,176,63
779,22352,Houston,USA,0,0,73
780,22364,San Jose,USA,0,175,73
781,22400,Sacramento,USA,0,0,73
782,22420,Salt Lake City,USA,0,181,78
783,22458,Provo,USA,0,183,78
784,22463,Denver,USA,1,170,63
785,22471,Cary,USA,0,255,78
786,22476,Tempe,USA,0,177,68
787,22498,Salt Lake City,USA,0,0,73
788,22509,Birmingham,USA,0,174,73
789,22527,Albuquerque,USA,0,186,93
790,22555,Salt Lake City,USA,0,180,68
791,22558,Washington,USA,0,183,73
792,22583,Washington,USA,0,185,78
793,22599,Boulder,USA,1,0,53
794,22601,New York,USA,0,168,73
795,22619,Austin,USA,0,0,68
796,22628,Salem,USA,1,150,43
797,22637,Atlanta,USA,0,0,78
798,22675,McHenry,USA,0,177,78
799,22678,Austin,USA,0,178,58
800,22698,Baton Rouge,USA,0,186,78
801,22709,Lubbock,USA,0,195,98
802,22726,Las Cruces,USA,0,190,88
803,22727,Seattle,USA,0,192,100
804,22734,Gainesville,USA,0,172,53
805,22783,Baltimore,USA,0,180,68
806,22829,Lakewood,USA,1,0,53
807,22831,Cincinnati,USA,1,168,58
808,22868,Louisville,USA,0,173,68
809,22915,Albany,USA,1,0,68
810,22959,Portland,USA,0,179,63
811,23001,Las Vegas,USA,0,182,68
812,23004,Boulder,USA,0,0,83
813,23047,Costa Mesa,USA,0,183,88
814,23056,Seattle,USA,1,255,40
815,23111,Denver,USA,0,0,68
816,23112,Grand Rapids,USA,0,182,73
817,23113,Los Angeles,USA,0,0,68
818,23142,Olympia,USA,0,0,63
819,23153,Atlanta,USA,0,175,68
820,23187,Burlington,USA,1,0,63
821,23189,Portland,USA,0,0,53
822,23195,Las Vegas,USA,0,179,68
823,23212,Atlanta,USA,0,170,63
824,23272,Boulder,USA,0,180,63
825,23343,Salt Lake City,USA,0,152,78
826,23351,Chattanooga,USA,1,0,48
827,23359,Chattanooga,USA,0,0,68
828,23371,Birmingham,USA,0,182,68
829,23373,Rancho Cucamonga,USA,0,0,68
830,23405,Waco,USA,1,176,58
831,23415,Seattle,USA,0,175,63
832,23471,St. Paul,USA,0,0,98
833,23472,Henderson,USA,0,0,73
834,23478,Scottsdale,USA,0,170,53
835,23487,Richmond,USA,0,0,73
836,23490,Birmingham,USA,0,0,73
837,23508,Chicago,USA,0,0,73
838,23567,Denton,USA,0,183,78
839,23571,Raleigh,USA,0,177,68
840,23581,Bloomington,USA,0,0,68
841,23590,Athens,USA,0,170,68
842,23591,Knoxville,USA,0,176,73
843,23599,Savannah,USA,0,187,68
844,23634,Arlington,USA,0,0,78
845,23658,Springfield,USA,0,0,78
846,23659,Long Beach,USA,0,181,68
847,23684,Reno,USA,0,180,73
848,23688,Dayton,USA,1,168,53
849,23689,Las Vegas,USA,0,176,63
850,23692,Columbus,USA,0,163,68
851,23700,Santa Barbara,USA,0,0,73
852,23708,Lakewood,USA,0,0,78
853,23723,Grand Rapids,USA,0,175,73
854,23740,Salt Lake City,USA,1,160,53
855,23741,Seattle,USA,0,111,78
856,23747,Boulder,USA,0,255,100
857,23768,Bloomington,USA,0,0,78
858,23784,Chicago,USA,0,0,68
859,23789,Boise,USA,0,182,63
860,23808,Dallas,USA,0,173,63
861,23821,Huntington,USA,0,0,68
862,23828,Ontario,USA,0,69,68
863,23831,Charlotte,USA,0,182,78
864,23835,Provo,USA,0,182,73
865,23837,Denver,USA,0,180,58
866,23843,Chattanooga,USA,0,185,88
867,23849,Boulder,USA,0,0,83
868,23857,Waco,USA,0,173,68
869,23893,Austin,USA,0,173,63
870,23903,Cincinnati,USA,0,0,63
871,23907,Tucson,USA,0,172,58
872,23939,Las Vegas,USA,1,170,58
873,23951,Denver,USA,0,0,73
874,23953,Raleigh,USA,1,173,53
875,23985,Lakewood,USA,0,228,73
876,24007,Los Angeles,USA,0,0,78
877,24033,Riverside,USA,1,69,63
878,24046,Colorado Springs,USA,1,165,58
879,24074,New York,USA,0,177,73
880,24086,Portland,USA,0,0,58
881,24093,Boulder,USA,0,200,83
882,24095,San Jose,USA,0,0,83
883,24106,Fort Collins,USA,0,0,68
884,24115,Knoxville,USA,0,182,68
885,24122,Birmingham,USA,0,188,73
886,24130,Buffalo,USA,0,180,68
887,24147,Boston,USA,0,177,63
888,24166,Chattanooga,USA,0,0,63
889,24176,Louisville,USA,0,0,63
890,24194,Mission Viejo,USA,0,0,78
891,24200,Portland,USA,0,165,63
892,24231,Riverside,USA,0,0,88
893,24234,Boulder,USA,1,170,48
894,24235,Atlanta,USA,1,153,43
895,24253,Berkeley,USA,0,185,73
896,24293,Lafayette,USA,0,178,73
897,24307,Springdale,USA,0,165,63
898,24316,Gainesville,USA,0,175,68
899,24318,Boulder,USA,0,185,73
900,24319,Springdale,USA,0,180,68
901,24325,Houston,USA,0,0,68
902,24333,Boulder,USA,0,185,78
903,24334,Nashville,USA,0,0,43
904,24362,New York,USA,0,165,58
905,24363,Fremont,USA,0,0,68
906,24370,Anchorage,USA,1,155,58
907,24377,Denver,USA,0,168,63
908,24384,Lancaster,USA,0,0,68
909,24399,Riverside,USA,0,176,73
910,24439,Austin,USA,0,0,68
911,24451,Grand Rapids,USA,0,170,63
912,24468,Cincinnati,USA,0,0,83
913,24475,Fayetteville,USA,0,180,68
914,24511,Birmingham,USA,0,0,73
915,24531,Lafayette,USA,0,168,68
916,24551,Provo,USA,0,182,83
917,24573,Fort Collins,USA,0,0,68
918,24611,Boulder,USA,0,175,63
919,24618,Albuquerque,USA,0,173,78
920,24633,Albuquerque,USA,0,183,73
921,24634,Boulder,USA,0,200,78
922,24686,Jacksonville,USA,0,179,68
923,24697,Monterey,USA,1,0,53
924,24699,Reno,USA,0,187,73
925,24711,Durham,USA,0,100,100
926,24720,Tucson,USA,0,0,78
927,24746,Boulder,USA,0,175,73
928,24763,Denver,USA,0,188,83
929,24780,Knoxville,USA,0,178,58
930,24818,Jackson,USA,1,176,58
931,24829,Berkeley,USA,0,170,68
932,24854,Fullerton,USA,1,0,48
933,24865,Reno,USA,0,196,88
934,24866,Colorado Springs,USA,0,196,83
935,24872,Chattanooga,USA,1,163,58
936,24875,Fayetteville,USA,0,180,68
937,24876,Baton Rouge,USA,0,173,73
938,24886,Boston,USA,1,168,53
939,24891,Norfolk,USA,0,0,78
940,24893,Houston,USA,0,185,78
941,24899,Fort Smith,USA,0,190,73
942,24902,New York,USA,0,174,73
943,24908,Berkeley,USA,0,0,73
944,24910,Duluth,USA,0,169,63
945,24927,Nashville,USA,1,165,53
946,24943,Houston,USA,0,170,63
947,24945,Little Rock,USA,1,0,53
948,24952,Knoxville,USA,0,0,78
949,24954,San Francisco,USA,0,173,68
950,24956,Fort Worth,USA,0,185,78
951,24957,Houston,USA,0,183,68
952,24967,Detroit,USA,0,162,63
953,24971,Greensboro,USA,1,157,53
954,25014,Durham,USA,1,162,58
955,25016,Irvine,USA,0,0,73
956,25042,Baltimore,USA,0,180,68
957,25057,Eugene,USA,0,189,88
958,25077,Greensboro,USA,0,0,68
959,25088,Nashville,USA,1,173,63
960,25090,Chattanooga,USA,0,173,68
961,25102,Birmingham,USA,0,184,88
962,25104,Richmond,USA,0,181,63
963,25127,Santa Cruz,USA,0,190,88
964,25240,Bremerton,USA,0,168,58
965,25264,Knoxville,USA,0,178,68
966,25281,Knoxville,USA,0,182,73
967,25308,Philadelphia,USA,0,180,93
968,25343,Anchorage,USA,0,165,63
969,25344,Atlanta,USA,0,175,73
970,25373,Denton,USA,0,180,78
971,25381,Atlanta,USA,0,173,58
972,25421,Fairfield,USA,0,187,78
973,25422,Birmingham,USA,0,175,68
974,25430,Boulder,USA,0,176,63
975,25432,Knoxville,USA,0,173,63
976,25433,Chattanooga,USA,0,0,68
977,25465,Rochester,USA,0,0,83
978,25476,Seattle,USA,0,175,63
979,25493,Salt Lake City,USA,0,185,78
980,25543,Buffalo,USA,0,0,68
981,25563,Athens,USA,0,170,53
982,25566,Irvine,USA,0,184,78
983,25582,Knoxville,USA,0,181,83
984,25584,Dallas,USA,1,165,53
985,25603,Fayetteville,USA,0,190,98
986,25605,Cincinnati,USA,0,0,78
987,25622,Plano,USA,0,178,73
988,25640,Austin,USA,1,0,53
989,25641,Chicago,USA,0,163,58
990,25669,San Francisco,USA,0,176,68
991,25671,Colorado Springs,USA,0,188,83
992,25685,Baltimore,USA,1,177,58
993,25709,Minneapolis,USA,0,183,78
994,25717,Knoxville,USA,0,178,88
995,25735,Portland,USA,0,0,53
996,25766,Reno,USA,1,167,48
997,25771,Salt Lake City,USA,0,178,73
998,25783,Fayetteville,USA,0,186,83
999,25792,Colorado Springs,USA,0,188,83
1000,25812,Reno,USA,0,180,68
1001,25821,Bloomington,USA,0,173,78
1002,25825,Portland,USA,0,185,83
1003,25827,Huntington Beach,USA,0,184,93
1004,25829,Sunnyvale,USA,0,185,88
1005,25908,Portland,USA,0,0,68
1006,25922,Phoenix,USA,0,71,78
1007,25953,Portland,USA,0,0,78
1008,25961,Cleveland,USA,0,190,73
1009,25974,Seattle,USA,0,194,83
1010,25975,Durham,USA,0,178,73
1011,25976,Albuquerque,USA,0,186,73
1012,25998,Las Vegas,USA,1,158,43
1013,26011,Fort Collins,USA,0,175,78
1014,26026,Portland,USA,0,0,63
1015,26031,San Diego,USA,0,182,68
1016,26041,Salt Lake City,USA,0,178,58
1017,26045,Portland,USA,0,173,63
1018,26050,Orem,USA,1,160,53
1019,26054,Houston,USA,0,182,68
1020,26065,Nashville,USA,0,194,98
1021,26070,New Orleans,USA,0,170,73
1022,26078,Portland,USA,0,0,88
1023,26088,Portland,USA,0,180,78
1024,26089,Portland,USA,0,180,83
1025,26140,Raleigh,USA,0,168,58
1026,26144,Santa Barbara,USA,0,183,58
1027,26214,Phoenix,USA,0,175,68
1028,26308,Lafayette,USA,0,178,68
1029,26369,Salt Lake City,USA,0,183,73
1030,26480,Joliet,USA,0,178,83
1031,26491,Hesperia,USA,0,0,68
1032,26540,Bakersfield,USA,0,176,68
1033,26542,Fayetteville,USA,0,0,83
1034,26543,Olympia,USA,0,193,78
1035,26597,Richmond,USA,0,183,78
1036,26663,Austin,USA,0,0,68
1037,26664,Knoxville,USA,1,160,53
1038,26677,Chattanooga,USA,0,168,58
1039,26707,Denton,USA,0,191,88
1040,26719,Durham,USA,0,173,68
1041,26759,New York,USA,0,184,73
1042,26790,Washington,USA,1,168,53
1043,26860,Milwaukee,USA,0,0,73
1044,26929,Chicago,USA,0,177,63
1045,26964,San Diego,USA,0,180,78
1046,26983,Tacoma,USA,0,175,68
1047,26989,Portland,USA,0,198,83
1048,26991,Minneapolis,USA,0,0,73
1049,27017,Denver,USA,0,181,78
1050,27026,Ann Arbor,USA,0,180,73
1051,27066,Alexandria,USA,0,172,83
1052,27070,Arlington,USA,0,168,63
1053,27107,Chicago,USA,0,0,73
1054,27154,Lafayette,USA,0,183,73
1055,27160,San Antonio,USA,0,191,83
1056,27177,Houston,USA,1,166,53
1057,27201,Knoxville,USA,1,180,53
1058,27216,Simi Valley,USA,0,182,73
1059,27230,Louisville,USA,0,183,78
1060,27234,Albuquerque,USA,0,181,73
1061,27263,San Diego,USA,0,168,58
1062,27266,Salt Lake City,USA,0,0,83
1063,27283,Phoenix,USA,0,173,68
1064,27327,Knoxville,USA,0,0,68
1065,27354,Chattanooga,USA,0,0,68
1066,27367,Ogden,USA,0,0,73
1067,27368,Phoenix,USA,0,180,63
1068,27387,Anchorage,USA,0,191,78
1069,27429,Scottsdale,USA,0,185,73
1070,27434,Temecula,USA,0,0,78
1071,27452,Salinas,USA,0,0,63
1072,27504,Lowell,USA,0,180,78
1073,27512,Minneapolis,USA,0,185,73
1074,27526,Salt Lake City,USA,0,179,83
1075,27532,Athens,USA,0,176,73
1076,27534,Colorado Springs,USA,0,177,68
1077,27553,San Francisco,USA,0,0,63
1078,27584,Dallas,USA,0,184,63
1079,27592,Boulder,USA,0,134,40
1080,27607,Boulder,USA,1,132,40
1081,27615,St. Louis,USA,0,186,73
1082,27661,Washington,USA,1,164,58
1083,27685,Austin,USA,0,0,83
1084,27702,Fayetteville,USA,0,175,68
1085,27740,Pomona,USA,1,158,53
1086,27820,Colorado Springs,USA,0,180,68
1087,27832,Olympia,USA,0,169,68
1088,27845,Portland,USA,0,172,83
1089,27867,Albuquerque,USA,0,177,58
1090,27869,Cincinnati,USA,0,190,88
1091,27884,Spokane,USA,0,183,93
1092,27894,Gainesville,USA,0,182,78
1093,27895,Portland,USA,1,175,58
1094,27897,Seattle,USA,0,160,48
1095,27927,Atlanta,USA,0,170,63
1096,27931,Gainesville,USA,0,0,68
1097,27979,Chicago,USA,0,167,53
1098,28043,Eugene,USA,0,0,58
1099,28051,Boulder,USA,0,165,68
1100,28072,Boulder,USA,0,68,68
1101,28081,San Diego,USA,0,171,73
1102,28102,Salt Lake City,USA,1,0,53
1103,28152,Ann Arbor,USA,0,0,63
1104,28174,Boulder,USA,0,0,63
1105,28220,Columbia,USA,0,172,68
1106,28233,Marysville,USA,0,0,63
1107,28237,Chicago,USA,0,0,63
1108,28311,Chandler,USA,0,0,68
1109,28331,Raleigh,USA,0,0,68
1110,28367,Tempe,USA,0,170,63
1111,28398,Boulder,USA,0,0,83
1112,28452,Indianapolis,USA,0,180,68
1113,28476,Jacksonville,USA,0,182,73
1114,28478,Ogden,USA,0,0,68
1115,28606,Charleston,USA,0,192,68
1116,28633,Louisville,USA,0,0,63
1117,28687,Little Rock,USA,1,167,53
1118,28705,Chicago,USA,0,0,68
1119,28772,Fayetteville,USA,0,175,73
1120,28819,Boston,USA,0,180,83
1121,28851,Colorado Springs,USA,0,162,63
1122,28914,Boise,USA,0,185,78
1123,28919,Fort Collins,USA,0,180,78
1124,28932,Salt Lake City,USA,0,175,68
1125,28942,Boise,USA,0,180,63
1126,28957,Nashville,USA,1,174,68
1127,28958,Minneapolis,USA,0,178,63
1128,28975,Portland,USA,0,183,73
1129,29004,Springfield,USA,0,0,73
1130,29006,Denver,USA,0,0,73
1131,29019,Buffalo,USA,0,167,68
1132,29046,Ann Arbor,USA,0,175,68
1133,29082,Portland,USA,0,0,73
1134,29169,New York City,USA,0,0,68
1135,29172,Seattle,USA,0,0,73
1136,29188,Fayetteville,USA,1,0,63
1137,29216,Anchorage,USA,0,0,83
1138,29248,Fort Collins,USA,0,175,73
1139,29265,Grand Rapids,USA,0,0,78
1140,29275,Boulder,USA,0,180,73
1141,29282,Charleston,USA,0,0,73
1142,29285,Garland,USA,1,165,63
1143,29313,Portland,USA,0,45,100
1144,29319,Tempe,USA,0,0,68
1145,29371,New Haven,USA,1,158,48
1146,29372,Boston,USA,0,175,68
1147,29392,Knoxville,USA,1,0,58
1148,29394,Boulder,USA,0,188,88
1149,29409,Chattanooga,USA,0,0,73
1150,29438,Sacramento,USA,0,0,83
1151,29481,Santa Cruz,USA,0,174,68
1152,29490,Saint Paul,USA,0,185,78
1153,29504,Boston,USA,0,168,68
1154,29603,Dallas,USA,1,157,53
1155,29607,Dallas,USA,0,177,53
1156,29623,San Francisco,USA,0,180,68
1157,29692,Albuquerque,USA,0,1,68
1158,29765,Austin,USA,0,173,68
1159,29794,Chattanooga,USA,1,0,63
1160,29811,Boise,USA,0,76,98
1161,29839,Kailua,USA,0,0,68
1162,29841,Bremerton,USA,0,193,83
1163,29844,Ogden,USA,0,183,83
1164,29859,Richmond,USA,0,178,68
1165,29890,Chicago,USA,0,172,63
1166,29891,San Diego,USA,0,168,68
1167,29916,San Francisco,USA,0,0,68
1168,29953,Portland,USA,0,175,68
1169,29968,San Francisco,USA,1,178,68
1170,29975,Colorado Springs,USA,1,130,58
1171,29985,Boulder,USA,0,178,63
1172,29986,Seattle,USA,0,193,93
1173,29989,Fort Collins,USA,0,175,68
1174,29995,Boulder,USA,0,181,73
1175,29999,Boulder,USA,1,161,53
1176,30003,Milwaukee,USA,0,0,78
1177,30015,Richmond,USA,0,183,100
1178,30028,Knoxville,USA,0,181,83
1179,30031,Greenville,USA,0,0,83
1180,30033,Chattanooga,USA,0,183,63
1181,30034,Los Angeles,USA,0,184,78
1182,30038,St. Louis,USA,0,175,68
1183,30053,Dallas,USA,0,180,83
1184,30055,Chicago,USA,0,175,78
1185,30060,Chattanooga,USA,0,173,68
1186,30076,New York,USA,0,178,58
1187,30083,Houston,USA,0,180,68
1188,30144,Chandler,USA,0,72,78
1189,30152,Salt Lake City,USA,0,160,58
1190,30196,Ogden,USA,0,177,78
1191,30197,Phoenix,USA,1,160,53
1192,30204,Chicago,USA,0,139,63
1193,30216,Pittsburgh,USA,0,0,63
1194,30218,Gainesville,USA,0,171,83
1195,30262,Louisville,USA,0,182,83
1196,30272,Austin,USA,0,186,78
1197,30289,Boulder,USA,1,180,53
1198,30304,Boston,USA,0,182,83
1199,30319,Los Angeles,USA,0,168,68
1200,30372,Salt Lake City,USA,0,180,78
1201,30387,Boston,USA,0,0,68
1202,30398,Columbia,USA,0,180,78
1203,30441,Los Angeles,USA,0,175,68
1204,30456,St. Louis,USA,0,172,68
1205,30457,Riverside,USA,0,170,63
1206,30460,Thousand Oaks,USA,0,212,63
1207,30478,Atlanta,USA,0,178,63
1208,30505,San Diego,USA,0,170,68
1209,30507,Boulder,USA,0,193,83
1210,30509,Salt Lake City,USA,0,176,68
1211,30552,Fayetteville,USA,0,0,83
1212,30565,Boston,USA,0,167,63
1213,30566,Chicago,USA,0,183,83
1214,30583,Phoenix,USA,0,183,63
1215,30611,Fayetteville,USA,0,0,63
1216,30622,Tulsa,USA,0,182,68
1217,30642,Dallas,USA,1,178,58
1218,30653,Birmingham,USA,0,179,83
1219,30679,Chattanooga,USA,0,165,58
1220,30692,Chattanooga,USA,0,182,73
1221,30693,Chattanooga,USA,0,183,68
1222,30699,Fayetteville,USA,0,173,63
1223,30707,Austin,USA,0,0,73
1224,30710,Provo,USA,0,0,58
1225,30728,Chattanooga,USA,0,177,58
1226,30758,Bloomington,USA,0,182,73
1227,30803,Boulder,USA,0,178,68
1228,30835,Tempe,USA,0,0,73
1229,30855,Rochester,USA,0,180,78
1230,30860,Oakland,USA,0,174,63
1231,30867,Minneapolis,USA,0,0,78
1232,30869,St. Louis,USA,0,167,58
1233,30873,Las Vegas,USA,0,171,63
1234,30908,Chicago,USA,0,183,73
1235,30960,Seattle,USA,0,178,73
1236,30968,New Haven,USA,0,0,63
1237,31012,Portland,USA,0,0,68
1238,31037,Austin,USA,0,173,63
1239,31039,North Charleston,USA,0,0,68
1240,31072,Burlington,USA,0,182,83
1241,31077,Los Angeles,USA,0,172,63
1242,31096,Nashville,USA,0,178,73
1243,31116,Austin,USA,0,170,63
1244,31133,Salt Lake City,USA,0,0,68
1245,31145,Asheville,USA,0,166,63
1246,31148,Reno,USA,0,170,63
1247,31149,Reno,USA,0,175,63
1248,31156,Norman,USA,0,175,63
1249,31157,Waco,USA,0,171,63
1250,31164,Rochester,USA,0,0,88
1251,31238,Buffalo,USA,0,0,73
1252,31247,Seattle,USA,0,0,88
1253,31313,Virginia Beach,USA,0,0,58
1254,31353,Springfield,USA,0,173,68
1255,31433,New York,USA,0,165,68
1256,31451,Lakewood,USA,0,179,58
1257,31500,Fayetteville,USA,0,0,68
1258,31503,Beaumont,USA,0,0,73
1259,31504,Killeen,USA,0,188,93
1260,31514,Seattle,USA,1,255,100
1261,31520,Fontana,USA,0,194,88
1262,31588,Boston,USA,0,163,58
1263,31589,Fresno,USA,0,175,58
1264,31590,Spokane,USA,0,0,68
1265,31598,Salt Lake City,USA,0,0,68
1266,31610,Riverside,USA,0,0,78
1267,31624,Wilmington,USA,0,175,63
1268,31681,San Francisco,USA,1,0,53
1269,31821,Concord,USA,0,172,68
1270,31828,Long Beach,USA,0,186,78
1271,31848,Concord,USA,0,166,58
1272,31888,Seattle,USA,0,162,68
1273,31891,Asheville,USA,0,183,78
1274,31900,Pittsburgh,USA,0,162,58
1275,31961,Plano,USA,0,0,78
1276,31979,Spokane,USA,0,182,83
1277,31994,Fort Collins,USA,0,175,63
1278,32060,Reno,USA,0,183,83
1279,32085,San Diego,USA,0,165,58
1280,32146,Alexandria,USA,0,0,58
1281,32186,San Francisco,USA,1,0,98
1282,32202,Chicago,USA,0,190,73
1283,32296,Akron,USA,0,182,73
1284,32300,Chattanooga,USA,0,178,73
1285,32304,Provo,USA,0,182,78
1286,32309,Orlando,USA,0,0,83
1287,32331,Alexandria,USA,0,187,93
1288,32370,Burlington,USA,0,0,68
1289,32481,Boulder,USA,1,168,48
1290,32520,Columbus,USA,0,176,78
1291,32532,Chattanooga,USA,0,180,68
1292,32540,Boulder,USA,1,165,48
1293,32546,Salt Lake City,USA,0,183,78
1294,32587,Chattanooga,USA,0,0,93
1295,32615,Los Angeles,USA,0,173,68
1296,32618,Atlanta,USA,0,183,68
1297,32741,Costa Mesa,USA,0,165,63
1298,32781,Boston,USA,0,185,83
1299,32807,Boulder,USA,1,152,43
1300,32812,Worcester,USA,1,168,58
1301,32822,Madison,USA,0,0,73
1302,32847,Dallas,USA,0,183,78
1303,32885,Portland,USA,0,168,58
1304,32914,Dallas,USA,0,183,78
1305,32943,Las Vegas,USA,1,152,43
1306,32961,Chattanooga,USA,0,0,63
1307,32978,Houston,USA,0,178,68
1308,33003,Salt Lake City,USA,0,175,78
1309,33018,Chattanooga,USA,0,188,83
1310,33026,Olympia,USA,0,198,88
1311,33039,Knoxville,USA,0,0,68
1312,33043,Oakland,USA,0,177,73
1313,33064,Bremerton,USA,0,167,53
1314,33146,Cambridge,USA,1,155,58
1315,33160,Spokane,USA,0,181,63
1316,33164,Birmingham,USA,0,0,68
1317,33166,Spokane,USA,0,0,63
1318,33207,Cambridge,USA,0,191,88
1319,33210,Eugene,USA,0,173,63
1320,33246,New Orleans,USA,1,165,53
1321,33273,Berkeley,USA,0,176,63
1322,33278,Houston,USA,0,170,58
1323,33353,Madison,USA,0,170,63
1324,33408,Los Angeles,USA,0,171,63
1325,33410,Boulder,USA,0,0,68
1326,33426,Madison,USA,0,0,93
1327,33428,Chattanooga,USA,0,255,78
1328,33481,Spokane,USA,1,170,48
1329,33482,Boulder,USA,0,0,58
1330,33484,Chicago,USA,0,173,68
1331,33510,Lexington,USA,0,0,78
1332,33525,Olympia,USA,0,0,73
1333,33562,Colorado Springs,USA,0,0,73
1334,33634,Seattle,USA,0,190,83
1335,33655,Salt Lake City,USA,1,170,58
1336,33663,Olympia,USA,0,0,68
1337,33696,Salt Lake City,USA,0,0,73
1338,33704,Asheville,USA,1,171,58
1339,33789,Birmingham,USA,0,0,58
1340,33820,Anchorage,USA,0,0,83
1341,33853,Denver,USA,0,173,68
1342,33855,Atlanta,USA,0,0,63
1343,33857,Salt Lake City,USA,1,163,48
1344,33897,Boston,USA,1,170,58
1345,33962,Nashville,USA,1,175,53
1346,33964,Springfield,USA,0,0,73
1347,33965,Sacramento,USA,1,158,53
1348,33967,Los Angeles,USA,0,175,83
1349,33988,Tulsa,USA,0,0,78
1350,33993,Tulsa,USA,0,0,58
1351,33996,St. Louis,USA,0,0,100
1352,34025,Salt Lake City,USA,0,183,73
1353,34029,Minneapolis,USA,0,168,68
1354,34034,Fayetteville,USA,0,175,68
1355,34050,Fayetteville,USA,0,180,68
1356,34078,Salt Lake City,USA,1,160,53
1357,34087,Greenville,USA,0,0,73
1358,34124,Long Beach,USA,0,198,68
1359,34137,Berkeley,USA,0,200,48
1360,34143,Boston,USA,0,170,73
1361,34150,Huntsville,USA,0,0,53
1362,34152,Richmond,USA,0,179,73
1363,34162,Boulder,USA,0,177,68
1364,34171,Pittsburgh,USA,0,178,63
1365,34182,Knoxville,USA,0,0,68
1366,34223,Durham,USA,1,167,53
1367,34231,Chattanooga,USA,1,157,48
1368,34242,Portland,USA,0,0,83
1369,34249,Huntington Beach,USA,0,185,78
1370,34278,Buffalo,USA,0,145,63
1371,34285,Chattanooga,USA,0,0,73
1372,34300,Fort Collins,USA,0,185,78
1373,34311,Huntsville,USA,0,178,83
1374,34321,Colorado Springs,USA,0,0,78
1375,34339,Boulder,USA,1,166,78
1376,34344,Minneapolis,USA,0,175,68
1377,34346,Chattanooga,USA,0,0,83
1378,34354,Tulsa,USA,1,155,58
1379,34397,Fort Collins,USA,0,178,73
1380,34418,Las Vegas,USA,0,176,68
1381,34431,Long Beach,USA,0,185,78
1382,34436,Spokane,USA,1,172,58
1383,34437,Atlanta,USA,0,175,73
1384,34479,San Diego,USA,0,186,68
1385,34482,Chattanooga,USA,0,179,73
1386,34485,San Diego,USA,1,165,53
1387,34502,Cary,USA,0,172,58
1388,34504,Las Vegas,USA,0,0,40
1389,34510,Raleigh,USA,0,177,68
1390,34518,Orlando,USA,0,178,68
1391,34532,Albany,USA,0,184,68
1392,34539,Nashville,USA,0,185,73
1393,34590,Fort Collins,USA,0,0,53
1394,34621,Boulder,USA,1,167,48
1395,34644,Boulder,USA,0,167,53
1396,34649,Boulder,USA,0,80,40
1397,34706,Olympia,USA,0,187,78
1398,34741,Chattanooga,USA,1,163,58
1399,34745,Chicago,USA,0,187,78
1400,34773,Colorado Springs,USA,0,180,63
1401,34785,Little Rock,USA,0,180,63
1402,34812,Louisville,USA,0,182,88
1403,34820,Pittsburgh,USA,0,173,68
1404,34827,Henderson,USA,0,0,58
1405,34829,Pittsburgh,USA,1,157,48
1406,34845,Fairfield,USA,0,183,98
1407,34878,Tucson,USA,0,175,68
1408,34923,Los Angeles,USA,0,167,58
1409,34926,Provo,USA,0,0,78
1410,34959,Little Rock,USA,0,177,73
1411,34998,Fort Collins,USA,0,173,73
1412,35002,Portland,USA,0,0,83
1413,35006,Provo,USA,0,183,78
1414,35022,Knoxville,USA,0,0,78
1415,35029,San Diego,USA,0,0,93
1416,35036,Denver,USA,0,72,68
1417,35057,Fort Collins,USA,0,175,73
1418,35058,Boulder,USA,0,67,68
1419,35070,Manchester,USA,0,0,73
1420,35093,Fayetteville,USA,0,180,63
1421,35110,Oakland,USA,0,0,58
1422,35143,Chattanooga,USA,0,180,73
1423,35152,Baltimore,USA,0,178,68
1424,35153,Seattle,USA,0,181,83
1425,35159,Las Vegas,USA,0,172,63
1426,35170,Los Angeles,USA,0,170,73
1427,35185,Raleigh,USA,0,181,83
1428,35202,Greenville,USA,0,180,78
1429,35237,Salt Lake City,USA,0,178,68
1430,35276,Austin,USA,0,0,78
1431,35278,Asheville,USA,0,177,63
1432,35300,Boulder,USA,0,177,68
1433,35314,St. Paul,USA,0,175,68
1434,35323,Toledo,USA,1,165,48
1435,35337,Fort Collins,USA,0,182,73
1436,35383,Denver,USA,0,193,78
1437,35397,Corona,USA,1,147,43
1438,35406,Salt Lake City,USA,0,185,78
1439,35424,Reno,USA,0,174,63
1440,35429,St. Louis,USA,0,0,88
1441,35437,Reno,USA,0,178,63
1442,35452,Tempe,USA,0,180,83
1443,35462,El Paso,USA,0,0,68
1444,35469,Las Vegas,USA,0,0,68
1445,35478,Tuscaloosa,USA,0,187,88
1446,35486,Denver,USA,0,0,68
1447,35490,Costa Mesa,USA,0,178,63
1448,35497,Cambridge,USA,0,175,78
1449,35514,Knoxville,USA,0,168,73
1450,35520,Seattle,USA,0,180,63
1451,35526,Salt Lake City,USA,0,177,78
1452,35531,Nashville,USA,0,183,78
1453,35537,Salt Lake City,USA,0,180,58
1454,35556,Grand Rapids,USA,0,0,83
1455,35580,Charleston,USA,0,176,78
1456,35605,Boulder,USA,0,185,68
1457,35608,Anaheim,USA,1,152,40
1458,35639,Fort Collins,USA,0,181,73
1459,35653,Salt Lake City,USA,0,181,73
1460,35665,Boulder,USA,1,0,53
1461,35685,Minneapolis,USA,0,177,68
1462,35686,Medford,USA,0,172,68
1463,35695,Boulder,USA,0,187,88
1464,35715,Fayetteville,USA,1,150,48
1465,35716,Tulsa,USA,0,189,83
1466,35718,Duluth,USA,0,180,73
1467,35728,Austin,USA,0,180,68
1468,35770,Chattanooga,USA,0,0,68
1469,35823,Dayton,USA,0,182,73
1470,35834,San Diego,USA,1,165,53
1471,35869,Denver,USA,0,173,63
1472,35910,Madison,USA,0,175,68
1473,35921,Provo,USA,0,183,73
1474,35951,Escondido,USA,0,0,68
1475,35997,Miami,USA,0,175,78
1476,36010,Philadelphia,USA,0,186,83
1477,36045,Portland,USA,0,0,53
1478,36094,Oakland,USA,0,0,78
1479,36096,San Antonio,USA,0,188,78
1480,36196,Springfield,USA,0,0,83
1481,36256,Jacksonville,USA,0,0,63
1482,36275,Knoxville,USA,0,0,73
1483,36289,Long Beach,USA,0,0,63
1484,36296,San Francisco,USA,0,176,63
1485,36297,Pasadena,USA,0,165,73
1486,36314,Danbury,USA,0,255,93
1487,36328,Santa Barbara,USA,1,0,63
1488,36375,Atlanta,USA,0,0,68
1489,36402,Atlanta,USA,0,173,73
1490,36487,Baltimore,USA,0,0,73
1491,36527,Syracuse,USA,0,176,68
1492,36549,Albuquerque,USA,0,168,63
1493,36600,Boulder,USA,0,175,68
1494,36617,Fayetteville,USA,0,177,68
1495,36724,Gastonia,USA,0,0,53
1496,36729,Detroit,USA,0,173,68
1497,36835,Modesto,USA,0,0,73
1498,36878,Oakland,USA,0,0,63
1499,36918,Sacramento,USA,0,168,63
1500,37043,Lexington,USA,0,170,73
1501,37058,Salt Lake City,USA,0,180,73
1502,37107,Seattle,USA,0,0,58
1503,37108,Chattanooga,USA,0,170,53
1504,37133,Denver,USA,0,183,78
1505,37173,Louisville,USA,0,188,93
1506,37179,Lancaster,USA,0,178,68
1507,37189,Denver,USA,0,171,63
1508,37209,Las Vegas,USA,0,175,68
1509,37213,Seattle,USA,0,179,68
1510,37214,Lancaster,USA,0,160,48
1511,37215,Boulder,USA,0,178,58
1512,37259,Los Angeles,USA,0,180,68
1513,37359,Santa Rosa,USA,1,0,58
1514,37365,Milwaukee,USA,0,173,68
1515,37366,Portland,USA,0,0,78
1516,37377,Denver,USA,0,173,73
1517,37408,Anaheim,USA,0,176,63
1518,37441,Chicago,USA,0,177,68
1519,37457,Denver,USA,0,180,78
1520,37462,Cincinnati,USA,0,0,73
1521,37482,Tallahassee,USA,0,175,73
1522,37500,Tucson,USA,0,180,78
1523,37512,Portland,USA,0,165,63
1524,37547,Riverside,USA,0,175,73
1525,37599,Pasadena,USA,0,0,78
1526,37600,Salt Lake City,USA,0,170,63
1527,37608,Austin,USA,0,173,73
1528,37626,Seattle,USA,1,162,58
1529,37697,Chicago,USA,0,88,83
1530,37760,Portland,USA,0,180,73
1531,37819,Lincoln,USA,0,0,73
1532,37853,New Haven,USA,0,175,78
1533,37854,Birmingham,USA,0,0,58
1534,37855,Los Angeles,USA,0,181,73
1535,37885,Concord,USA,0,0,68
1536,37941,Richmond,USA,0,175,48
1537,37948,Boulder,USA,0,176,73
1538,37963,Providence,USA,0,165,53
1539,38007,San Francisco,USA,0,176,68
1540,38023,Worcester,USA,0,170,68
1541,38034,Danbury,USA,0,155,68
1542,38042,Chattanooga,USA,0,0,68
1543,38099,Las Vegas,USA,0,179,63
1544,38106,Phoenix,USA,0,175,78
1545,38177,Boulder,USA,0,175,73
1546,38211,Tucson,USA,0,178,73
1547,38221,Corona,USA,0,188,78
1548,38232,Orem,USA,0,188,73
1549,38315,Spokane,USA,0,0,73
1550,38316,Boulder,USA,0,183,73
1551,38340,Houston,USA,0,180,83
1552,38357,Cincinnati,USA,0,0,73
1553,38395,Lafayette,USA,0,170,53
1554,38488,Los Angeles,USA,0,0,78
1555,38513,Louisville,USA,0,187,73
1556,38575,Minneapolis,USA,0,193,88
1557,38586,Denver,USA,0,172,63
1558,38589,Winston,USA,1,156,53
1559,38591,Hayward,USA,0,170,68
1560,38600,Tallahassee,USA,0,175,68
1561,38732,San Francisco,USA,0,188,83
1562,38763,Nashville,USA,0,172,63
1563,38774,Reading,USA,0,0,58
1564,38786,Salt Lake City,USA,1,160,53
1565,38843,Chattanooga,USA,0,0,68
1566,38909,Boulder,USA,0,0,88
1567,38930,Worcester,USA,0,0,53
1568,38953,Huntsville,USA,0,180,78
1569,38961,Los Angeles,USA,0,170,63
1570,38981,San Diego,USA,1,165,58
1571,38982,Salt Lake City,USA,1,177,58
1572,38983,Pittsburgh,USA,0,180,68
1573,38985,Minneapolis,USA,0,185,68
1574,38996,Seattle,USA,0,190,88
1575,39006,Salt Lake City,USA,0,180,68
1576,39007,Springfield,USA,0,173,58
1577,39035,San Diego,USA,0,0,58
1578,39039,Gainesville,USA,1,165,58
1579,39050,Tallahassee,USA,0,177,68
1580,39057,Charlotte,USA,0,0,63
1581,39066,Chattanooga,USA,0,187,83
1582,39078,Tacoma,USA,0,0,68
1583,39133,Los Angeles,USA,1,64,48
1584,39134,Fayetteville,USA,0,180,68
1585,39146,Birmingham,USA,1,157,48
1586,39158,Denver,USA,0,185,73
1587,39162,Boulder,USA,0,190,58
1588,39165,Sacramento,USA,0,175,63
1589,39184,Chattanooga,USA,0,188,83
1590,39211,Boston,USA,0,0,78
1591,39241,Boulder,USA,0,170,63
1592,39275,Colorado Springs,USA,1,64,53
1593,39289,Denver,USA,0,186,73
1594,39364,Boulder,USA,0,181,73
1595,39403,Oakland,USA,0,177,68
1596,39447,Arvada,USA,0,180,63
1597,39520,New York City,USA,0,180,68
1598,39534,Mesa,USA,0,0,83
1599,39581,Fayetteville,USA,0,175,73
1600,39586,Long Beach,USA,0,0,58
1601,39588,Honolulu,USA,0,185,88
1602,39595,Tampa,USA,0,171,68
1603,39614,Arvada,USA,0,177,63
1604,39615,St. Petersburg,USA,0,182,78
1605,39668,Raleigh,USA,0,0,63
1606,39678,Oakland,USA,0,180,98
1607,39802,Chattanooga,USA,0,178,63
1608,39849,Indianapolis,USA,0,183,78
1609,39907,Los Angeles,USA,0,182,68
1610,39944,San Francisco,USA,1,0,48
1611,40004,Tucson,USA,0,0,83
1612,40008,Columbus,USA,0,172,63
1613,40080,Minneapolis,USA,0,175,78
1614,40093,Las Vegas,USA,1,0,53
1615,40110,Las Vegas,USA,0,183,68
1616,40188,New York,USA,1,167,58
1617,40224,Marysville,USA,0,174,73
1618,40225,Las Vegas,USA,0,183,83
1619,40245,Las Cruces,USA,0,0,63
1620,40250,Springfield,USA,0,178,68
1621,40305,Atlanta,USA,0,185,63
1622,40311,Bloomington,USA,0,180,73
1623,40312,Tacoma,USA,0,167,68
1624,40352,Atlanta,USA,0,0,68
1625,40353,Ogden,USA,0,0,83
1626,40399,Los Angeles,USA,0,178,78
1627,40403,Olympia,USA,0,0,58
1628,40421,Minneapolis,USA,0,0,63
1629,40449,Salt Lake City,USA,0,177,68
1630,40459,Asheville,USA,0,170,73
1631,40494,Boston,USA,0,170,63
1632,40521,Apple Valley,USA,0,170,63
1633,40522,Santa Rosa,USA,0,0,58
1634,40567,Akron,USA,0,175,63
1635,40568,Birmingham,USA,0,0,73
1636,40576,Anaheim,USA,1,154,53
1637,40611,Los Angeles,USA,0,73,78
1638,40656,New Haven,USA,0,0,73
1639,40706,Chattanooga,USA,0,0,78
1640,40709,Boulder,USA,0,0,68
1641,40752,Pittsburgh,USA,0,178,68
1642,40756,Arlington,USA,0,0,83
1643,40771,Los Angeles,USA,0,176,68
1644,40776,Berkeley,USA,0,0,58
1645,40789,Chicago,USA,1,162,53
1646,40793,Denver,USA,0,169,63
1647,40797,Fort Collins,USA,0,183,63
1648,40969,Boulder,USA,0,181,78
1649,41004,Boulder,USA,0,182,73
1650,41034,Portland,USA,0,188,73
1651,41089,Houston,USA,0,183,73
1652,41106,Little Rock,USA,0,0,78
1653,41171,Greenville,USA,0,70,73
1654,41214,Salt Lake City,USA,0,190,83
1655,41220,Fayetteville,USA,1,255,100
1656,41256,Chattanooga,USA,0,180,73
1657,41273,Denver,USA,1,165,48
1658,41277,Denver,USA,0,182,78
1659,41298,New York,USA,0,180,73
1660,41382,Virginia Beach,USA,0,172,63
1661,41397,Boulder,USA,0,185,73
1662,41485,College Station,USA,0,0,53
1663,41502,Nashville,USA,0,193,78
1664,41518,Nashville,USA,0,190,78
1665,41536,Boston,USA,0,187,68
1666,41581,Boulder,USA,0,175,63
1667,41582,Riverside,USA,1,156,48
1668,41598,Newark,USA,0,170,78
1669,41599,Boulder,USA,0,178,63
1670,41633,Cincinnati,USA,1,164,68
1671,41647,Boston,USA,0,0,73
1672,41648,Boston,USA,0,180,73
1673,41659,Fort Collins,USA,0,0,68
1674,41660,Olympia,USA,0,188,68
1675,41672,Pittsburgh,USA,0,70,83
1676,41675,Portland,USA,0,185,68
1677,41771,Concord,USA,0,180,73
1678,41797,St. Louis,USA,0,179,78
1679,41800,Boulder,USA,0,178,73
1680,41806,San Diego,USA,0,177,63
1681,41836,San Diego,USA,0,174,63
1682,41861,Salt Lake City,USA,1,154,53
1683,41889,Durham,USA,1,153,48
1684,41926,Portland,USA,0,185,78
1685,41963,Asheville,USA,0,170,63
1686,42023,Boulder,USA,0,0,73
1687,42109,Boulder,USA,0,178,63
1688,42122,Denver,USA,0,183,73
1689,42127,Colorado Springs,USA,0,180,68
1690,42237,Chattanooga,USA,1,176,58
1691,42266,Denver,USA,0,0,73
1692,42296,Huntington Beach,USA,0,164,53
1693,42309,New York,USA,0,0,68
1694,42310,Gainesville,USA,0,190,78
1695,42364,Oakland,USA,0,0,68
1696,42461,Boulder,USA,0,182,73
1697,42513,Columbia,USA,0,187,73
1698,42524,Fort Collins,USA,0,173,68
1699,42526,Boston,USA,0,170,48
1700,42548,Chattanooga,USA,0,182,78
1701,42572,Pittsburgh,USA,0,178,83
1702,42578,Richmond,USA,1,0,53
1703,42653,Springfield,USA,0,200,88
1704,42661,Boston,USA,0,178,78
1705,42664,Chattanooga,USA,0,193,68
1706,42698,Tucson,USA,0,184,83
1707,42714,Chicago,USA,0,185,78
1708,42740,Colorado Springs,USA,0,0,73
1709,42751,Wichita,USA,0,0,58
1710,42855,Boulder,USA,1,163,53
1711,42857,Des Moines,USA,0,188,78
1712,42881,Fayetteville,USA,0,170,63
1713,42960,New York,USA,0,183,73
1714,43156,Lancaster,USA,0,182,73
1715,43170,Los Angeles,USA,0,192,73
1716,43181,Portland,USA,0,187,88
1717,43241,Salt Lake City,USA,1,160,58
1718,43265,Lexington,USA,0,168,63
1719,43272,Las Vegas,USA,0,183,73
1720,43286,Pittsburgh,USA,0,0,73
1721,43440,Los Angeles,USA,0,0,73
1722,43450,Cincinnati,USA,1,159,58
1723,43488,Portland,USA,0,176,73
1724,43494,Houston,USA,0,162,68
1725,43503,Denver,USA,1,169,63
1726,43528,Olympia,USA,0,177,73
1727,43549,San Diego,USA,0,188,78
1728,43553,Olympia,USA,1,160,63
1729,43567,Atlanta,USA,0,255,88
1730,43609,Evansville,USA,0,0,48
1731,43634,Orem,USA,0,0,58
1732,43636,Salt Lake City,USA,1,0,88
1733,43643,Aurora,USA,0,178,68
1734,43718,San Francisco,USA,0,0,63
1735,43733,Wilmington,USA,0,145,73
1736,43740,Nashville,USA,0,185,88
1737,43743,Minneapolis,USA,0,190,83
1738,43792,Albuquerque,USA,0,185,73
1739,43908,Costa Mesa,USA,0,0,73
1740,43919,Boulder,USA,0,0,58
1741,44078,Boulder,USA,0,0,68
1742,44101,Saint Paul,USA,0,170,63
1743,44115,Garden Grove,USA,0,180,68
1744,44132,Lexington,USA,0,190,78
1745,44142,Santa Cruz,USA,0,188,78
1746,44163,Gainesville,USA,0,182,78
1747,44166,Salt Lake City,USA,0,0,83
1748,44190,Albuquerque,USA,0,172,68
1749,44234,San Jose,USA,1,0,53
1750,44277,Columbus,USA,0,0,78
1751,44284,Santa Cruz,USA,0,0,93
1752,44294,Santa Barbara,USA,0,0,63
1753,44316,Seattle,USA,0,180,73
1754,44331,Reno,USA,0,192,83
1755,44368,Boulder,USA,0,182,78
1756,44437,Los Angeles,USA,0,175,73
1757,44447,Los Angeles,USA,0,173,68
1758,44492,Salt Lake City,USA,1,165,43
1759,44510,Providence,USA,0,180,78
1760,44579,San Francisco,USA,0,0,68
1761,44611,Salt Lake City,USA,0,0,83
1762,44644,San Francisco,USA,1,158,53
1763,44652,Indianapolis,USA,0,173,63
1764,44720,Fort Collins,USA,1,0,53
1765,44755,Salt Lake City,USA,0,0,68
1766,44776,Boulder,USA,0,0,73
1767,44781,Tulsa,USA,0,0,68
1768,44803,Lowell,USA,0,180,93
1769,44804,Dayton,USA,0,180,83
1770,44823,Las Vegas,USA,0,183,73
1771,44836,Santa Rosa,USA,0,182,68
1772,44847,Fayetteville,USA,0,177,73
1773,44882,Denver,USA,0,177,78
1774,44921,Boulder,USA,0,185,78
1775,45096,Denver,USA,0,172,63
1776,45122,Boston,USA,0,182,68
1777,45129,Santa Cruz,USA,0,20,98
1778,45170,Oakland,USA,0,0,68
1779,45206,Boulder,USA,0,0,73
1780,45234,Ogden,USA,0,0,73
1781,45236,Oakland,USA,0,182,73
1782,45238,Seattle,USA,0,190,88
1783,45289,Dallas,USA,1,153,53
1784,45292,San Francisco,USA,0,182,73
1785,45335,Seattle,USA,0,180,68
1786,45363,Salt Lake City,USA,0,172,68
1787,45486,Cincinnati,USA,0,167,73
1788,45528,Fremont,USA,1,0,58
1789,45531,Cincinnati,USA,0,0,63
1790,45566,Thornton,USA,0,185,68
1791,45619,Portland,USA,0,179,73
1792,45709,Monroe,USA,0,182,73
1793,45711,Sunnyvale,USA,0,176,53
1794,45712,Sarasota,USA,0,167,58
1795,45770,St. Louis,USA,0,185,68
1796,45848,Salt Lake City,USA,0,183,83
1797,45898,Anchorage,USA,0,185,93
1798,45909,Ann Arbor,USA,0,177,78
1799,45910,San Jose,USA,0,180,73
1800,45954,Los Angeles,USA,0,185,68
1801,45957,Boulder,USA,0,169,58
1802,45964,Albuquerque,USA,0,192,83
1803,45973,Austin,USA,1,0,58
1804,45995,Burlington,USA,1,160,48
1805,46013,Houston,USA,0,0,78
1806,46050,Chicago,USA,0,191,93
1807,46056,San Francisco,USA,0,192,78
1808,46082,Dallas,USA,0,0,63
1809,46092,Oakland,USA,0,172,63
1810,46138,Milwaukee,USA,0,177,68
1811,46153,San Francisco,USA,0,166,68
1812,46199,Las Vegas,USA,0,178,73
1813,46207,Saint Louis,USA,0,175,58
1814,46209,Las Vegas,USA,0,186,78
1815,46268,St. Louis,USA,0,173,63
1816,46269,Austin,USA,1,165,53
1817,46284,Minneapolis,USA,0,0,63
1818,46285,Poughkeepsie,USA,0,0,78
1819,46290,Philadelphia,USA,0,177,63
1820,46317,St. Paul,USA,0,0,68
1821,46339,Denver,USA,0,182,73
1822,46418,Boulder,USA,0,0,78
1823,46419,Columbus,USA,0,183,68
1824,46422,Cambridge,USA,1,156,48
1825,46459,Hampton,USA,0,194,98
1826,46474,St. Louis,USA,0,172,73
1827,46506,Las Vegas,USA,0,177,78
1828,46507,Charlotte,USA,0,180,58
1829,46518,Denver,USA,0,0,78
1830,46519,Minneapolis,USA,1,164,58
1831,46539,Boulder,USA,0,181,68
1832,46595,Colorado Springs,USA,1,153,53
1833,46634,Los Angeles,USA,0,180,68
1834,46676,Cincinnati,USA,0,0,73
1835,46685,Philadelphia,USA,0,187,68
1836,46690,Berkeley,USA,0,182,83
1837,46736,Alexandria,USA,0,187,78
1838,46754,Harrisburg,USA,0,0,73
1839,46761,New Orleans,USA,0,172,63
1840,46766,Seattle,USA,1,172,68
1841,46805,Phoenix,USA,0,187,78
1842,46813,Boise,USA,1,172,63
1843,46826,Oakland,USA,0,188,98
1844,46849,Portland,USA,0,0,68
1845,46885,Sacramento,USA,0,172,58
1846,46905,Huntington Beach,USA,0,170,58
1847,46933,Milwaukee,USA,0,172,63
1848,46940,San Jose,USA,0,184,78
1849,46957,Scottsdale,USA,0,168,53
1850,46959,Spokane,USA,0,182,88
1851,46961,Spokane,USA,0,185,73
1852,47099,Minneapolis,USA,0,176,98
1853,47111,Los Angeles,USA,0,168,58
1854,47120,Boston,USA,0,183,73
1855,47122,Madison,USA,0,173,73
1856,47137,San Antonio,USA,0,182,68
1857,47154,Austin,USA,0,175,63
1858,47189,Bethlehem,USA,0,193,88
1859,47205,Philadelphia,USA,0,189,73
1860,47224,Los Angeles,USA,0,174,68
1861,47243,Saint Louis,USA,0,0,68
1862,47259,Fairfield,USA,0,0,73
1863,47276,Chattanooga,USA,0,193,78
1864,47304,Las Cruces,USA,0,181,78
1865,47319,San Francisco,USA,1,172,58
1866,47435,Raleigh,USA,0,0,78
1867,47440,Charleston,USA,0,0,68
1868,47459,Dallas,USA,1,153,88
1869,47486,Costa Mesa,USA,1,165,58
1870,47495,Cleveland,USA,0,180,73
1871,47517,Chattanooga,USA,0,183,73
1872,47548,Glendale,USA,0,182,68
1873,47598,New Orleans,USA,0,186,68
1874,47606,New Orleans,USA,0,172,63
1875,47619,Orange,USA,1,157,53
1876,47727,Fort Collins,USA,0,182,78
1877,47729,Washington,USA,0,170,48
1878,47765,Fort Collins,USA,0,0,73
1879,47903,Fort Collins,USA,0,170,63
1880,47913,Boulder,USA,0,173,63
1881,47958,Nashville,USA,0,176,58
1882,47960,Orem,USA,0,183,78
1883,47968,San Francisco,USA,0,175,78
1884,48021,Denver,USA,0,0,78
1885,48024,Chattanooga,USA,0,0,68
1886,48027,Irvine,USA,0,175,58
1887,48047,Las Vegas,USA,0,170,73
1888,48076,Boulder,USA,1,162,48
1889,48079,Rancho Cucamonga,USA,0,0,68
1890,48103,Fort Collins,USA,1,162,48
1891,48232,St. Louis,USA,0,182,78
1892,48233,San Diego,USA,0,176,68
1893,48264,Boulder,USA,0,183,73
1894,48291,Sacramento,USA,0,178,68
1895,48370,San Antonio,USA,0,172,68
1896,48382,Saint Paul,USA,0,173,68
1897,48412,Seattle,USA,1,164,53
1898,48421,Chattanooga,USA,0,183,98
1899,48437,St. Louis,USA,0,188,68
1900,48438,Portland,USA,0,180,63
1901,48498,Salt Lake City,USA,0,172,63
1902,48502,Charlotte,USA,0,185,88
1903,48533,Fayetteville,USA,0,177,68
1904,48557,Kansas City,USA,0,175,68
1905,48626,Oakland,USA,0,180,78
1906,48665,Salt Lake City,USA,0,172,68
1907,48668,Santa Ana,USA,0,185,68
1908,48716,Seattle,USA,0,181,73
1909,48724,Austin,USA,0,188,78
1910,48746,Glendale,USA,0,170,78
1911,48850,Henderson,USA,0,0,83
1912,49013,Costa Mesa,USA,0,172,68
1913,49054,Boulder,USA,0,191,83
1914,49077,Salt Lake City,USA,0,176,73
1915,49079,Cincinnati,USA,0,177,63
1916,49087,New York,USA,0,179,68
1917,49102,Colorado Springs,USA,0,177,88
1918,49103,San Jose,USA,0,180,88
1919,49107,Kansas City,USA,0,177,83
1920,49317,Chattanooga,USA,0,180,73
1921,49373,Rochester,USA,0,167,58
1922,49453,Boulder,USA,0,189,78
1923,49539,New Orleans,USA,0,174,63
1924,49673,Huntington Beach,USA,1,165,48
1925,49712,Baltimore,USA,0,0,73
1926,49780,San Francisco,USA,0,181,73
1927,49785,Orem,USA,0,175,68
1928,49834,Oakland,USA,1,157,53
1929,49850,Denver,USA,0,180,78
1930,49863,Concord,USA,1,164,53
1931,49898,Santa Barbara,USA,0,185,73
1932,49911,Orem,USA,0,181,73
1933,49954,Boulder,USA,0,172,58
1934,49973,Phoenix,USA,1,170,58
1935,49976,Chicago,USA,0,167,63
1936,50010,Salt Lake City,USA,1,160,58
1937,50017,Boulder,USA,0,180,68
1938,50118,Provo,USA,0,176,68
1939,50207,Minneapolis,USA,0,175,78
1940,50275,New York,USA,0,0,93
1941,50282,Burlington,USA,0,188,63
1942,50298,Columbia,USA,0,183,73
1943,50373,San Jose,USA,0,182,73
1944,50384,Oklahoma City,USA,0,175,68
1945,50394,Boulder,USA,0,172,78
1946,50447,San Francisco,USA,0,0,73
1947,50450,Fremont,USA,1,151,48
1948,50456,San Antonio,USA,0,177,68
1949,50541,Salt Lake City,USA,0,0,73
1950,50617,Philadelphia,USA,0,182,78
1951,50657,Charlotte,USA,0,170,68
1952,50685,Salt Lake City,USA,0,176,58
1953,50801,Nashville,USA,0,177,73
1954,50847,Boulder,USA,0,173,63
1955,50884,Durham,USA,0,172,73
1956,50968,Richmond,USA,0,0,73
1957,51018,Moreno Valley,USA,0,167,63
1958,51042,Murrieta,USA,0,162,53
1959,51064,San Antonio,USA,0,177,68
1960,51148,Dallas,USA,0,185,83
1961,51167,Chattanooga,USA,0,0,68
1962,51288,Birmingham,USA,0,178,73
1963,51300,Los Angeles,USA,0,172,63
1964,51301,Las Vegas,USA,1,167,53
1965,51326,Boulder,USA,0,189,78
1966,51348,Santa Clara,USA,0,180,68
1967,51367,Salt Lake City,USA,1,160,58
1968,51388,Dallas,USA,0,181,63
1969,51395,Chattanooga,USA,0,173,73
1970,51396,Chattanooga,USA,0,172,63
1971,51410,Irvine,USA,0,170,63
1972,51425,Spokane,USA,0,0,68
1973,51435,Cincinnati,USA,0,175,68
1974,51439,Chattanooga,USA,0,182,63
1975,51450,Savannah,USA,0,179,73
1976,51454,Santa Rosa,USA,0,183,83
1977,51471,Bellevue,USA,0,193,88
1978,51478,Columbus,USA,0,188,78
1979,51509,Boise,USA,0,179,68
1980,51571,Jackson,USA,0,180,73
1981,51608,Portland,USA,0,180,73
1982,51633,New York,USA,0,168,68
1983,51707,Denver,USA,0,70,73
1984,51722,Glendale,USA,0,190,83
1985,51727,Athens,USA,0,184,78
1986,51740,Salt Lake City,USA,0,152,40
1987,51772,Layton,USA,0,183,68
1988,51831,New Haven,USA,0,185,73
1989,51844,Cincinnati,USA,0,170,58
1990,51854,Cincinnati,USA,0,170,63
1991,51863,Chattanooga,USA,0,0,78
1992,51910,Eugene,USA,0,0,58
1993,51916,Boulder,USA,0,160,58
1994,51936,St. Louis,USA,0,175,73
1995,51937,Boise,USA,0,169,63
1996,51944,Boulder,USA,0,187,73
1997,51973,Burlington,USA,0,178,83
1998,51977,Springfield,USA,0,0,73
1999,51999,Columbia,USA,0,0,73
2000,52047,El Paso,USA,0,0,78
2001,52064,Santa Barbara,USA,0,0,58
2002,52104,Chattanooga,USA,1,160,53
2003,52107,Boulder,USA,1,0,58
2004,52171,Raleigh,USA,0,184,78
2005,52200,Oakland,USA,1,177,58
2006,52218,Portland,USA,0,0,68
2007,52224,Chattanooga,USA,1,165,53
2008,52243,Boulder,USA,0,170,68
2009,52260,Boise,USA,1,64,58
2010,52270,Chattanooga,USA,0,192,88
2011,52307,San Francisco,USA,0,185,78
2012,52352,Nashville,USA,0,0,68
2013,52361,Los Angeles,USA,0,0,78
2014,52378,Little Rock,USA,0,0,68
2015,52399,Providence,USA,1,168,58
2016,52413,Boulder,USA,0,0,83
2017,52414,Salt Lake City,USA,0,180,73
2018,52458,Providence,USA,0,174,63
2019,52468,Houston,USA,0,0,68
2020,52471,Cambridge,USA,0,182,73
2021,52534,Roanoke,USA,0,182,78
2022,52562,Seattle,USA,0,170,63
2023,52575,Riverside,USA,1,165,53
2024,52598,Louisville,USA,0,183,88
2025,52617,Boulder,USA,0,185,83
2026,52632,Oakland,USA,0,0,68
2027,52711,San Francisco,USA,0,185,83
2028,52737,Boston,USA,0,178,78
2029,52753,Denver,USA,0,0,68
2030,52763,Eugene,USA,0,190,83
2031,52803,Knoxville,USA,0,165,68
2032,52811,Phoenix,USA,0,186,73
2033,52824,Charlotte,USA,0,175,63
2034,52832,Santa Clara,USA,0,172,68
2035,52886,Ogden,USA,0,175,68
2036,52903,Knoxville,USA,0,178,68
2037,52908,Denver,USA,0,105,78
2038,52947,San Antonio,USA,0,173,78
2039,52953,Salt Lake City,USA,0,185,83
2040,53029,Cambridge,USA,0,166,63
2041,53039,Grand Rapids,USA,0,180,88
2042,53046,Huntington Beach,USA,1,170,58
2043,53060,Salt Lake City,USA,0,0,73
2044,53061,Lansing,USA,1,0,63
2045,53075,Philadelphia,USA,0,183,73
2046,53077,Glendale,USA,1,169,58
2047,53117,Pasadena,USA,0,175,73
2048,53134,Birmingham,USA,0,195,78
2049,53138,Salt Lake City,USA,0,0,73
2050,53157,Fayetteville,USA,0,182,78
2051,53213,Fort Collins,USA,0,178,73
2052,53215,Orange,USA,0,0,78
2053,53248,Nashville,USA,0,168,53
2054,53272,Chattanooga,USA,0,255,73
2055,53275,Alexandria,USA,0,187,93
2056,53295,Boulder,USA,1,0,48
2057,53310,Boston,USA,0,167,63
2058,53330,Birmingham,USA,0,0,63
2059,53387,Berkeley,USA,0,177,63
2060,53396,Seattle,USA,0,180,73
2061,53419,Salt Lake City,USA,1,154,48
2062,53467,Tucson,USA,0,0,83
2063,53584,Riverside,USA,1,158,48
2064,53624,Grand Rapids,USA,0,180,68
2065,53631,Pittsburgh,USA,0,0,78
2066,53689,Los Angeles,USA,1,0,53
2067,53704,New York,USA,0,179,63
2068,53709,Austin,USA,0,0,73
2069,53730,Seattle,USA,1,172,63
2070,53732,Colorado Springs,USA,0,185,73
2071,53736,Colorado Springs,USA,0,0,68
2072,53745,Chattanooga,USA,0,182,63
2073,53803,Riverside,USA,1,140,40
2074,53941,Roanoke,USA,0,178,73
2075,53950,Boulder,USA,0,0,58
2076,53952,Denver,USA,0,162,58
2077,53963,Los Angeles,USA,0,0,73
2078,54002,Los Angeles,USA,0,165,58
2079,54130,Charleston,USA,1,152,48
2080,54180,Dallas,USA,1,163,53
2081,54201,Los Angeles,USA,0,175,68
2082,54250,Fayetteville,USA,0,180,73
2083,54253,Boulder,USA,0,0,58
2084,54255,Birmingham,USA,0,0,73
2085,54267,Provo,USA,0,190,88
2086,54273,Canton,USA,0,0,88
2087,54274,Chattanooga,USA,0,0,78
2088,54299,Dallas,USA,0,0,78
2089,54361,New York,USA,0,188,78
2090,54439,Burlington,USA,0,0,73
2091,54453,Las Vegas,USA,0,0,83
2092,54473,New York City,USA,0,0,73
2093,54474,Columbus,USA,0,166,63
2094,54509,Tucson,USA,0,185,68
2095,54566,Chattanooga,USA,0,180,73
2096,54577,San Antonio,USA,0,180,68
2097,54640,Orlando,USA,0,0,63
2098,54696,Austin,USA,0,177,63
2099,54723,Boulder,USA,0,0,73
2100,54748,Lakewood,USA,0,0,63
2101,54784,New York,USA,0,182,83
2102,54805,Racine,USA,0,0,73
2103,54832,Seattle,USA,0,170,63
2104,54882,Nashville,USA,0,191,78
2105,54963,Spokane,USA,0,177,68
2106,54995,Pittsburgh,USA,0,182,78
2107,55013,Boise,USA,0,183,68
2108,55025,Tucson,USA,0,0,68
2109,55045,Chattanooga,USA,0,135,40
2110,55067,Denver,USA,0,0,63
2111,55101,Boulder,USA,0,0,68
2112,55102,New York,USA,0,179,83
2113,55108,Santa Barbara,USA,0,190,78
2114,55150,Huntington Beach,USA,1,167,100
2115,55160,Baltimore,USA,0,173,73
2116,55190,Fort Collins,USA,1,0,53
2117,55192,Minneapolis,USA,0,0,68
2118,55227,Chattanooga,USA,1,165,58
2119,55248,Spokane,USA,0,178,68
2120,55319,Burlington,USA,0,0,78
2121,55329,Fresno,USA,0,174,68
2122,55370,Salt Lake City,USA,0,0,68
2123,55391,Houston,USA,0,180,68
2124,55420,Denver,USA,0,0,68
2125,55490,Los Angeles,USA,0,67,58
2126,55499,Santa Rosa,USA,0,0,78
2127,55539,Los Angeles,USA,1,0,53
2128,55540,Cleveland,USA,1,170,63
2129,55589,Columbia,USA,0,174,68
2130,55636,Pueblo,USA,0,68,68
2131,55662,Berkeley,USA,0,0,68
2132,55703,San Diego,USA,0,163,58
2133,55789,San Francisco,USA,0,172,63
2134,55804,Flint,USA,0,165,68
2135,55855,New York,USA,0,180,68
2136,55873,Birmingham,USA,0,95,83
2137,55896,Kalamazoo,USA,0,183,73
2138,55916,St. Paul,USA,1,160,48
2139,55917,St. Louis,USA,0,193,88
2140,55923,Provo,USA,0,185,73
2141,56085,Durham,USA,0,0,78
2142,56117,Chattanooga,USA,0,175,78
2143,56150,Denver,USA,0,180,88
2144,56156,Kansas City,USA,0,175,68
2145,56161,Boston,USA,0,187,78
2146,56162,Portland,USA,0,178,73
2147,56190,Santa Rosa,USA,0,180,68
2148,56204,San Francisco,USA,0,167,63
2149,56245,Manchester,USA,0,170,73
2150,56350,Nashville,USA,0,164,58
2151,56355,Athens,USA,0,182,78
2152,56379,Kenosha,USA,0,187,83
2153,56419,Philadelphia,USA,0,0,83
2154,56422,Dallas,USA,0,170,58
2155,56438,Boston,USA,0,190,68
2156,56461,Plano,USA,0,173,88
2157,56470,Chattanooga,USA,0,178,73
2158,56512,Tacoma,USA,0,176,73
2159,56534,Orem,USA,0,176,68
2160,56535,Austin,USA,0,177,63
2161,56585,Riverside,USA,0,176,68
2162,56628,Athens,USA,0,144,73
2163,56637,New York,USA,0,0,63
2164,56656,Portland,USA,0,190,78
2165,56666,Chattanooga,USA,0,0,73
2166,56712,Chattanooga,USA,0,185,73
2167,56769,Los Angeles,USA,0,182,68
2168,56775,Cambridge,USA,0,182,78
2169,56791,Provo,USA,0,0,73
2170,56805,Birmingham,USA,0,183,78
2171,56850,Houston,USA,0,181,98
2172,56862,Madison,USA,0,175,68
2173,56904,Indianapolis,USA,0,180,73
2174,56933,Fayetteville,USA,0,0,68
2175,56964,Seattle,USA,0,0,68
2176,56968,Oakland,USA,1,175,68
2177,57016,Raleigh,USA,0,188,88
2178,57112,Boise,USA,1,157,53
2179,57142,Raleigh,USA,0,175,68
2180,57203,New York,USA,1,0,48
2181,57204,Chicago,USA,0,0,73
2182,57228,Anaheim,USA,0,176,63
2183,57239,St. Paul,USA,0,178,73
2184,57250,Olympia,USA,0,168,53
2185,57259,Salt Lake City,USA,1,165,53
2186,57261,Chicago,USA,0,180,58
2187,57280,Oakland,USA,0,151,40
2188,57281,New York,USA,0,178,68
2189,57335,Bloomington,USA,0,75,98
2190,57344,Dallas,USA,0,192,83
2191,57349,Boston,USA,0,175,78
2192,57356,Bellevue,USA,0,0,68
2193,57362,Berkeley,USA,0,160,53
2194,57369,Colorado Springs,USA,0,0,83
2195,57396,San Diego,USA,0,177,68
2196,57463,Olympia,USA,0,180,78
2197,57510,Birmingham,USA,0,180,68
2198,57521,Chattanooga,USA,1,155,48
2199,57535,Lakewood,USA,0,175,68
2200,57541,San Jose,USA,0,177,63
2201,57563,Newark,USA,0,0,68
2202,57565,Austin,USA,0,180,63
2203,57659,Tampa,USA,0,0,68
2204,57670,Atlanta,USA,0,0,68
2205,57730,Seattle,USA,1,168,63
2206,57771,Boulder,USA,0,176,63
2207,57793,Seattle,USA,0,0,58
2208,57839,Denver,USA,0,173,63
2209,57854,San Francisco,USA,0,70,73
2210,57920,Oakland,USA,0,171,63
2211,57921,Houston,USA,0,182,73
2212,57953,Athens,USA,0,0,78
2213,58014,Los Angeles,USA,1,157,48
2214,58019,Atlanta,USA,0,177,73
2215,58038,Atlanta,USA,0,0,63
2216,58045,Anchorage,USA,0,177,68
2217,58053,Berkeley,USA,0,182,68
2218,58109,Los Angeles,USA,1,0,58
2219,58119,Atlanta,USA,1,170,63
2220,58126,Sarasota,USA,0,69,53
2221,58132,Ann Arbor,USA,0,0,78
2222,58166,New Orleans,USA,0,72,73
2223,58237,Bloomington,USA,0,0,63
2224,58255,Las Vegas,USA,1,64,48
2225,58292,Orlando,USA,0,185,83
2226,58294,Vancouver,USA,0,0,48
2227,58301,San Diego,USA,0,170,68
2228,58310,Moreno Valley,USA,0,163,68
2229,58322,Los Angeles,USA,0,172,63
2230,58355,Denver,USA,0,187,73
2231,58449,Cleveland,USA,0,179,58
2232,58564,Berkeley,USA,0,0,63
2233,58601,Los Angeles,USA,0,172,68
2234,58604,Kansas City,USA,0,177,63
2235,58615,Richmond,USA,0,182,63
2236,58648,Spokane,USA,0,0,63
2237,58649,Torrance,USA,0,174,58
2238,58662,Santa Ana,USA,0,165,63
2239,58711,Durham,USA,0,0,63
2240,58727,Bellevue,USA,0,66,63
2241,58752,San Antonio,USA,0,180,73
2242,58756,Providence,USA,0,0,68
2243,58769,Chattanooga,USA,0,185,73
2244,58790,Knoxville,USA,0,178,73
2245,58797,Los Angeles,USA,0,172,63
2246,58798,Austin,USA,0,163,48
2247,58800,Salt Lake City,USA,1,0,58
2248,58813,San Antonio,USA,0,176,63
2249,58844,Denver,USA,0,170,68
2250,58901,Naples,USA,0,182,78
2251,58905,Salt Lake City,USA,0,193,68
2252,58918,Pensacola,USA,0,187,83
2253,58961,Spokane,USA,0,173,58
2254,58987,Seattle,USA,0,162,63
2255,59016,Atlanta,USA,0,180,58
2256,59027,Durham,USA,1,153,43
2257,59075,Louisville,USA,0,0,43
2258,59113,Melbourne,USA,0,175,83
2259,59138,Worcester,USA,1,170,58
2260,59140,Kansas City,USA,0,165,58
2261,59193,Anchorage,USA,0,175,63
2262,59450,Albany,USA,0,178,63
2263,59490,Seattle,USA,0,165,63
2264,59517,Chattanooga,USA,0,182,73
2265,59589,Burlington,USA,0,0,73
2266,59617,Denton,USA,0,183,78
2267,59729,San Diego,USA,0,190,68
2268,59764,Denver,USA,0,0,73
2269,59770,Durham,USA,1,176,58
2270,59789,Riverside,USA,1,155,53
2271,59792,Raleigh,USA,1,164,63
2272,59803,Asheville,USA,0,174,73
2273,59817,New York City,USA,0,168,63
2274,59942,Cincinnati,USA,0,185,83
2275,59964,Raleigh,USA,0,172,73
2276,60026,San Diego,USA,0,175,63
2277,60061,Chattanooga,USA,0,0,88
2278,60089,Greenville,USA,0,0,58
2279,60144,Berkeley,USA,0,181,73
2280,60157,Berkeley,USA,0,178,73
2281,60207,Colorado Springs,USA,1,178,63
2282,60245,Berkeley,USA,1,160,58
2283,60250,Richmond,USA,0,168,58
2284,60258,Las Vegas,USA,0,174,73
2285,60284,Columbus,USA,0,180,88
2286,60300,Oakland,USA,0,0,83
2287,60317,Norman,USA,0,0,78
2288,60341,Portland,USA,0,190,83
2289,60366,Cincinnati,USA,0,0,73
2290,60372,Spokane,USA,0,180,63
2291,60430,Detroit,USA,0,179,73
2292,60437,Oakland,USA,1,52,68
2293,60446,Berkeley,USA,1,158,48
2294,60502,Portland,USA,0,0,88
2295,60508,Spokane,USA,0,187,68
2296,60525,Fayetteville,USA,0,183,78
2297,60589,Colorado Springs,USA,0,173,68
2298,60595,Seattle,USA,0,187,78
2299,60611,Madison,USA,0,183,78
2300,60662,Portland,USA,0,175,78
2301,60715,Simi Valley,USA,0,173,68
2302,60723,Worcester,USA,0,182,78
2303,60725,Orange,USA,0,179,68
2304,60908,Denver,USA,0,180,73
2305,60909,Boulder,USA,0,177,73
2306,60928,Thornton,USA,1,153,98
2307,60950,Austin,USA,0,183,68
2308,60982,Santa Cruz,USA,0,165,63
2309,60985,Salt Lake City,USA,0,161,40
2310,60986,Bloomington,USA,0,178,58
2311,61047,Boulder,USA,0,175,68
2312,61053,Concord,USA,0,171,63
2313,61060,Chattanooga,USA,0,178,63
2314,61066,Oakland,USA,0,177,68
2315,61068,Chattanooga,USA,0,177,63
2316,61078,Baltimore,USA,0,177,78
2317,61080,Salt Lake City,USA,0,181,68
2318,61087,Boston,USA,0,177,73
2319,61099,San Francisco,USA,0,177,68
2320,61107,Los Angeles,USA,1,160,43
2321,61129,Boulder,USA,0,182,73
2322,61134,Phoenix,USA,0,67,83
2323,61136,Richmond,USA,0,0,68
2324,61138,Boston,USA,0,167,58
2325,61147,Los Angeles,USA,1,140,40
2326,61172,Ogden,USA,0,175,68
2327,61184,Atlanta,USA,0,177,68
2328,61220,Charlotte,USA,0,172,73
2329,61252,Durham,USA,0,188,98
2330,61284,Boulder,USA,0,160,53
2331,61295,Fayetteville,USA,1,157,48
2332,61311,Madison,USA,0,183,68
2333,61335,Nashville,USA,0,0,73
2334,61336,Birmingham,USA,0,171,68
2335,61372,Pittsburgh,USA,0,168,63
2336,61375,Chattanooga,USA,0,168,48
2337,61483,Denton,USA,0,170,53
2338,61484,Boston,USA,0,182,73
2339,61488,Salt Lake City,USA,0,0,63
2340,61503,Boulder,USA,0,0,73
2341,61510,Seattle,USA,0,183,78
2342,61512,Portland,USA,1,0,58
2343,61556,Knoxville,USA,1,154,58
2344,61561,York,USA,0,180,68
2345,61597,Chattanooga,USA,0,95,58
2346,61609,Santa Barbara,USA,0,177,58
2347,61619,Minneapolis,USA,0,190,78
2348,61634,Chattanooga,USA,0,183,83
2349,61640,Boulder,USA,0,173,78
2350,61642,Austin,USA,0,175,68
2351,61655,Murfreesboro,USA,0,155,68
2352,61746,San Diego,USA,0,165,53
2353,61807,Austin,USA,1,163,68
2354,61817,Dallas,USA,0,175,58
2355,61821,Berkeley,USA,1,160,53
2356,61831,New York,USA,0,177,63
2357,61853,Salt Lake City,USA,0,0,63
2358,61856,Cincinnati,USA,0,0,100
2359,61862,Portland,USA,0,170,73
2360,61872,Denver,USA,0,70,58
2361,61873,Columbus,USA,1,162,53
2362,61887,Salt Lake City,USA,1,0,48
2363,61891,Boulder,USA,1,173,63
2364,61895,Orlando,USA,0,175,68
2365,61936,Chicago,USA,0,182,68
2366,61990,Los Angeles,USA,0,195,83
2367,61993,Chattanooga,USA,0,182,68
2368,62007,Costa Mesa,USA,0,178,83
2369,62025,Denver,USA,0,174,68
2370,62054,Madison,USA,0,188,93
2371,62084,Denver,USA,0,0,63
2372,62087,Boulder,USA,1,165,58
2373,62100,Austin,USA,0,177,83
2374,62105,Austin,USA,0,182,63
2375,62115,Las Vegas,USA,1,0,40
2376,62132,Los Angeles,USA,1,157,48
2377,62150,Tulsa,USA,0,170,63
2378,62154,Denver,USA,0,0,73
2379,62206,Huntsville,USA,0,172,58
2380,62213,Boulder,USA,0,176,68
2381,62230,Lexington,USA,0,185,73
2382,62259,Atlanta,USA,0,185,63
2383,62275,Houston,USA,0,172,68
2384,62290,Orlando,USA,1,160,48
2385,62301,Kansas City,USA,0,182,73
2386,62307,Durham,USA,0,187,83
2387,62327,Chattanooga,USA,1,160,63
2388,62367,Louisville,USA,0,177,73
2389,62369,San Jose,USA,0,182,73
2390,62377,Saint Louis,USA,0,185,78
2391,62429,Richmond,USA,0,76,78
2392,62440,Atlanta,USA,0,0,68
2393,62516,Atlanta,USA,0,172,68
2394,62530,Chicago,USA,0,181,63
2395,62540,San Diego,USA,0,165,73
2396,62550,San Diego,USA,0,185,68
2397,62551,Colorado Springs,USA,0,165,63
2398,62565,Kansas City,USA,0,189,68
2399,62585,Salt Lake City,USA,0,0,73
2400,62593,Chicago,USA,0,178,78
2401,62611,Denver,USA,0,165,83
2402,62661,Fort Collins,USA,0,183,73
2403,62716,Portland,USA,0,172,58
2404,62718,Reno,USA,0,180,68
2405,62719,Tuscaloosa,USA,0,182,83
2406,62766,Berkeley,USA,0,180,68
2407,62789,Santa Barbara,USA,0,0,68
2408,62808,Olympia,USA,1,171,53
2409,62833,Houston,USA,0,191,98
2410,62855,Seattle,USA,0,185,88
2411,62877,Portland,USA,1,177,63
2412,62881,Colorado Springs,USA,0,183,78
2413,62914,Las Vegas,USA,0,185,73
2414,62920,Greensboro,USA,0,167,68
2415,62978,Chattanooga,USA,0,169,68
2416,62979,Columbus,USA,0,0,53
2417,62994,Denver,USA,1,170,63
2418,63115,Seattle,USA,0,182,78
2419,63134,Provo,USA,1,170,63
2420,63203,Seattle,USA,0,175,68
2421,63329,Cary,USA,0,180,78
2422,63381,New York,USA,0,185,68
2423,63400,Sunnyvale,USA,0,176,73
2424,63415,Los Angeles,USA,1,64,58
2425,63473,Fort Collins,USA,0,0,73
2426,63564,Oakland,USA,0,0,63
2427,63570,Bryan,USA,0,178,73
2428,63575,Kansas City,USA,0,170,68
2429,63582,Sunnyvale,USA,0,0,73
2430,63621,Spokane,USA,0,172,53
2431,63675,Fairfield,USA,0,0,93
2432,63684,Lowell,USA,1,152,68
2433,63741,Las Vegas,USA,0,168,83
2434,63767,Boulder,USA,0,175,68
2435,63771,Denver,USA,0,178,68
2436,63800,Birmingham,USA,0,168,58
2437,63808,San Diego,USA,0,71,78
2438,63850,Birmingham,USA,0,181,68
2439,63873,Bremerton,USA,1,157,48
2440,63919,Seattle,USA,0,173,98
2441,63934,Spokane,USA,0,185,78
2442,63968,Portland,USA,0,186,73
2443,63974,San Antonio,USA,0,183,78
2444,63976,Boise,USA,0,185,73
2445,64023,Athens,USA,0,0,68
2446,64032,Boulder,USA,1,170,58
2447,64036,Spokane,USA,0,185,98
2448,64106,Chattanooga,USA,0,178,73
2449,64108,Houston,USA,1,157,53
2450,64143,San Diego,USA,0,161,58
2451,64213,San Jose,USA,0,175,73
2452,64223,Raleigh,USA,0,0,83
2453,64263,Cambridge,USA,0,173,58
2454,64268,Kansas City,USA,0,177,68
2455,64293,Kansas City,USA,0,180,73
2456,64294,Ogden,USA,0,178,63
2457,64297,Chattanooga,USA,0,255,53
2458,64305,Chattanooga,USA,1,135,68
2459,64323,New York City,USA,1,170,58
2460,64329,Monroe,USA,0,163,53
2461,64332,Boston,USA,0,175,73
2462,64333,Los Angeles,USA,1,157,53
2463,64444,Chicago,USA,0,0,68
2464,64486,Berkeley,USA,0,0,78
2465,64603,Chattanooga,USA,0,0,73
2466,64609,Athens,USA,0,185,63
2467,64618,Chattanooga,USA,1,154,53
2468,64636,Chattanooga,USA,0,183,73
2469,64647,Chattanooga,USA,0,0,68
2470,64670,San Francisco,USA,0,178,78
2471,64697,Lexington,USA,0,185,83
2472,64716,Chattanooga,USA,1,1,100
2473,64726,Lexington,USA,0,178,68
2474,64734,Fort Collins,USA,0,186,78
2475,64754,San Francisco,USA,0,178,68
2476,64801,Seattle,USA,0,172,63
2477,64829,Richmond,USA,0,173,68
2478,64842,Denver,USA,0,0,68
2479,64847,Atlanta,USA,0,183,83
2480,64862,Dallas,USA,0,167,58
2481,64892,Fayetteville,USA,0,175,68
2482,64923,Cary,USA,0,164,63
2483,64961,Pittsburgh,USA,0,173,63
2484,64990,Sacramento,USA,1,0,53
2485,64993,Austin,USA,0,160,63
2486,65060,Anchorage,USA,0,0,73
2487,65089,Chicago,USA,0,195,88
2488,65093,Scottsdale,USA,0,178,63
2489,65095,Los Angeles,USA,0,170,58
2490,65111,Birmingham,USA,0,175,63
2491,65137,Boise,USA,0,175,68
2492,65142,Atlanta,USA,0,0,73
2493,65143,Denver,USA,0,162,48
2494,65151,Minneapolis,USA,0,175,63
2495,65173,Louisville,USA,0,178,73
2496,65177,Austin,USA,0,168,68
2497,65200,Baltimore,USA,1,157,48
2498,65268,San Francisco,USA,0,177,73
2499,65309,Virginia Beach,USA,0,178,78
2500,65355,Reno,USA,0,0,78
2501,65388,Raleigh,USA,0,182,73
2502,65454,Colorado Springs,USA,0,188,68
2503,65457,New York,USA,0,182,68
2504,65472,Fort Collins,USA,0,180,78
2505,65484,Berkeley,USA,1,162,58
2506,65584,Fort Collins,USA,0,176,68
2507,65596,Portland,USA,0,182,68
2508,65642,Birmingham,USA,0,0,78
2509,65723,Rochester,USA,0,172,68
2510,65727,Denver,USA,0,180,78
2511,65760,Berkeley,USA,0,0,58
2512,65912,Los Angeles,USA,0,173,68
2513,65919,Pittsburgh,USA,0,167,58
2514,66029,Boulder,USA,0,170,63
2515,66057,Fort Collins,USA,0,183,68
2516,66073,New York,USA,1,170,58
2517,66134,Birmingham,USA,0,174,68
2518,66135,Columbia,USA,0,174,78
2519,66180,Birmingham,USA,0,180,73
2520,66195,Columbia,USA,0,0,78
2521,66199,Burlington,USA,0,178,58
2522,66215,Atlanta,USA,1,165,53
2523,66231,Gainesville,USA,0,185,73
2524,66253,Cincinnati,USA,0,170,63
2525,66315,Chattanooga,USA,0,170,63
2526,66369,Santa Rosa,USA,0,171,83
2527,66475,Tucson,USA,0,189,68
2528,66546,Boise,USA,0,186,83
2529,66564,Dayton,USA,0,185,68
2530,66619,Seattle,USA,0,183,73
2531,66631,Austin,USA,0,180,68
2532,66660,Charlotte,USA,0,0,73
2533,66685,Denton,USA,0,188,73
2534,66703,Provo,USA,0,172,63
2535,66710,Chattanooga,USA,0,0,73
2536,66832,San Antonio,USA,0,181,68
2537,66928,Sunnyvale,USA,0,175,63
2538,66930,Worcester,USA,0,0,98
2539,66936,New York,USA,0,199,78
2540,66954,Asheville,USA,0,171,73
2541,66981,Portland,USA,0,182,68
